City_ID,City,Country,Date,Lat,Lng,Max Temp,Humidity,Cloudiness,Wind Speed
0,Carutapera,BR,2022-05-03 19:39:38,-1.195,-46.02,77.34,93,100,5.46
1,Chokurdakh,RU,2022-05-03 19:39:39,70.6333,147.9167,27.16,96,100,3.94
2,Kapaa,US,2022-05-03 19:35:53,22.0752,-159.319,79.12,78,40,16.11
3,Rikitea,PF,2022-05-03 19:39:40,-23.1203,-134.9692,77.54,77,100,17.52
4,Hermanus,ZA,2022-05-03 19:35:20,-34.4187,19.2345,62.15,93,0,7.67
5,Camacha,PT,2022-05-03 19:39:41,33.0833,-16.3333,60.22,63,20,14.97
6,Albany,US,2022-05-03 19:39:41,42.6001,-73.9662,65.88,57,100,4.0
7,San Juan,AR,2022-05-03 19:39:42,-31.5375,-68.5364,74.86,18,0,5.48
8,Jamestown,US,2022-05-03 19:39:42,42.097,-79.2353,62.24,77,100,8.05
9,Longyearbyen,SJ,2022-05-03 19:39:43,78.2186,15.6401,13.84,62,75,13.8
10,Hami,CN,2022-05-03 19:39:44,42.8,93.45,70.95,13,28,1.41
11,Lebu,CL,2022-05-03 19:37:40,-37.6167,-73.65,55.63,85,16,17.27
12,Malinyi,TZ,2022-05-03 19:39:44,-8.9333,36.1333,70.39,85,98,2.19
13,Moerai,PF,2022-05-03 19:39:45,-22.4333,-151.3333,77.68,85,100,20.09
14,Ushuaia,AR,2022-05-03 19:39:46,-54.8,-68.3,46.02,65,40,26.46
15,Mayor Pablo Lagerenza,PY,2022-05-03 19:39:46,-19.9309,-60.7718,76.57,32,19,9.91
16,Sao Filipe,CV,2022-05-03 19:39:47,14.8961,-24.4956,73.31,76,0,9.66
17,Bambanglipuro,ID,2022-05-03 19:39:48,-7.95,110.2833,78.04,90,100,6.6
18,Ostrovnoy,RU,2022-05-03 19:39:09,68.0531,39.5131,27.27,67,100,21.65
19,Punta Arenas,CL,2022-05-03 19:39:48,-53.15,-70.9167,44.71,70,75,35.68
20,Kahului,US,2022-05-03 19:39:49,20.8947,-156.47,73.85,83,40,17.27
21,Milkovo,RU,2022-05-03 19:39:49,54.7167,158.6167,35.96,75,87,2.33
22,Thompson,CA,2022-05-03 19:39:50,55.7435,-97.8558,28.56,69,75,4.61
23,Busselton,AU,2022-05-03 19:39:51,-33.65,115.3333,55.99,68,84,10.85
24,Alta Floresta,BR,2022-05-03 19:39:51,-9.8756,-56.0861,93.02,59,40,6.91
25,Kaitangata,NZ,2022-05-03 19:39:52,-46.2817,169.8464,48.2,83,6,3.56
26,Luderitz,NA,2022-05-03 19:39:52,-26.6481,15.1594,66.65,56,0,9.46
27,Dzhebariki-Khaya,RU,2022-05-03 19:39:53,62.2167,135.8,28.42,91,100,2.62
28,Millville,US,2022-05-03 19:39:15,39.4021,-75.0393,75.96,54,0,10.36
29,Souillac,MU,2022-05-03 19:39:54,-20.5167,57.5167,77.38,88,40,5.75
30,Tuatapere,NZ,2022-05-03 19:39:54,-46.1333,167.6833,50.2,89,71,4.36
31,Soyo,AO,2022-05-03 19:39:55,-6.1349,12.3689,78.64,88,87,5.86
32,Sao Gotardo,BR,2022-05-03 19:39:56,-19.3111,-46.0489,77.63,51,22,3.09
33,Hobart,AU,2022-05-03 19:39:56,-42.8794,147.3294,57.25,89,100,5.75
34,San Patricio,US,2022-05-03 19:39:57,28.017,-97.5169,84.29,68,100,15.77
35,Butaritari,KI,2022-05-03 19:39:57,3.0707,172.7902,81.93,75,27,12.82
36,Villa Del Rosario,CO,2022-05-03 19:39:58,7.8339,-72.4742,93.58,34,20,20.71
37,Vaini,TO,2022-05-03 19:39:58,-21.2,-175.2,73.56,88,75,5.75
38,Zyryanka,RU,2022-05-03 19:39:59,65.75,150.85,31.95,92,93,4.61
39,Nikolskoye,RU,2022-05-03 19:39:59,59.7035,30.7861,39.87,65,24,8.52
40,Adrar,MR,2022-05-03 19:40:00,20.5022,-10.0711,90.28,13,86,8.55
41,Bara,NG,2022-05-03 19:40:01,10.3744,10.7288,92.23,31,47,4.7
42,Lompoc,US,2022-05-03 19:40:02,34.6391,-120.4579,81.01,54,0,15.99
43,Seoul,KR,2022-05-03 19:39:32,37.5683,126.9778,49.44,61,0,4.61
44,Mataura,NZ,2022-05-03 19:40:02,-46.1927,168.8643,42.48,93,11,2.73
45,Nova Olimpia,BR,2022-05-03 19:37:45,-14.7972,-57.2881,73.35,83,76,10.74
46,Cape Town,ZA,2022-05-03 19:39:01,-33.9258,18.4232,64.9,89,100,12.66
47,San Jeronimo,PE,2022-05-03 19:41:04,-11.9472,-75.2829,58.91,60,95,2.93
48,Saint Anthony,US,2022-05-03 19:41:04,45.0205,-93.218,58.33,47,0,17.27
49,Laguna,US,2022-05-03 19:41:05,38.421,-121.4238,75.63,26,0,18.41
50,Anshun,CN,2022-05-03 19:41:05,26.25,105.9333,56.03,69,100,0.45
51,Clyde River,CA,2022-05-03 19:41:06,70.4692,-68.5914,14.23,79,20,14.97
52,Nyiradony,HU,2022-05-03 19:41:07,47.6975,21.9188,53.02,82,97,4.0
53,Derzhavinsk,KZ,2022-05-03 19:41:07,51.1,66.3167,49.12,39,97,12.17
54,Sept-Iles,CA,2022-05-03 19:39:45,50.2001,-66.3821,46.06,61,20,10.36
55,Kalmunai,LK,2022-05-03 19:41:08,7.4167,81.8167,81.66,79,84,3.51
56,Tiksi,RU,2022-05-03 19:41:09,71.6872,128.8694,3.96,100,88,5.28
57,Saint-Philippe,RE,2022-05-03 19:41:09,-21.3585,55.7679,71.19,83,50,10.65
58,Dengfeng,CN,2022-05-03 19:41:10,34.4553,113.0281,64.2,35,0,4.07
59,Adamovka,RU,2022-05-03 19:41:11,51.5223,59.9396,46.76,47,100,6.69
60,Barrow,US,2022-05-03 19:39:46,71.2906,-156.7887,23.02,86,100,10.36
61,Dikson,RU,2022-05-03 19:41:12,73.5069,80.5464,-2.47,100,64,3.58
62,New Norfolk,AU,2022-05-03 19:41:12,-42.7826,147.0587,56.91,83,100,5.75
63,Bredasdorp,ZA,2022-05-03 19:41:13,-34.5322,20.0403,60.91,97,3,1.5
64,Araouane,ML,2022-05-03 19:41:14,18.9048,-3.5265,85.15,11,70,4.65
65,Anadyr,RU,2022-05-03 19:41:16,64.75,177.4833,14.5,92,80,4.47
66,Khatanga,RU,2022-05-03 19:41:17,71.9667,102.5,13.77,94,100,6.6
67,Broome,US,2022-05-03 19:41:18,42.2506,-75.833,70.7,52,0,9.22
68,Egvekinot,RU,2022-05-03 19:41:18,66.3167,-179.1667,15.98,84,17,11.63
69,Katubao,PH,2022-05-03 19:41:19,5.8892,124.8294,79.18,81,95,4.27
70,Longyan,CN,2022-05-03 19:41:20,25.1072,117.0225,56.46,79,99,3.44
71,Necochea,AR,2022-05-03 19:41:20,-38.5473,-58.7368,60.82,50,0,11.52
72,Port Elizabeth,ZA,2022-05-03 19:41:21,-33.918,25.5701,66.49,96,100,12.66
73,Esperance,AU,2022-05-03 19:41:22,-33.8667,121.9,53.44,62,100,13.56
74,Dayong,CN,2022-05-03 19:41:23,25.0209,118.2898,60.71,60,93,5.12
75,Yumbe,UG,2022-05-03 19:41:23,3.4651,31.2469,69.35,76,67,3.67
76,Lagoa,PT,2022-05-03 19:41:24,39.05,-27.9833,61.7,85,58,11.21
77,Monrovia,LR,2022-05-03 19:41:25,6.3005,-10.7969,81.36,82,14,9.78
78,Povenets,RU,2022-05-03 19:41:26,62.8487,34.8262,30.42,82,88,14.45
79,Filingue,NE,2022-05-03 19:41:26,14.3521,3.3168,92.77,11,23,4.29
80,Bengkulu,ID,2022-05-03 19:41:27,-3.8004,102.2655,75.09,93,100,4.81
81,Brownwood,US,2022-05-03 19:39:03,31.7093,-98.9912,67.32,57,97,4.52
82,Darnah,LY,2022-05-03 19:41:28,32.767,22.6367,60.96,85,0,14.43
83,Cidreira,BR,2022-05-03 19:41:28,-30.1811,-50.2056,64.17,92,100,20.78
84,San Quintin,MX,2022-05-03 19:41:29,30.4833,-115.95,64.56,63,77,17.67
85,Bethel,US,2022-05-03 19:38:46,41.3712,-73.414,61.86,77,100,9.22
86,Qaanaaq,GL,2022-05-03 19:41:30,77.484,-69.3632,19.04,66,100,0.45
87,Itaueira,BR,2022-05-03 19:41:30,-7.6033,-43.0256,86.67,47,100,5.88
88,Atuona,PF,2022-05-03 19:42:31,-9.8,-139.0333,79.39,78,16,17.45
89,Ribeira Grande,PT,2022-05-03 19:42:31,38.5167,-28.7,64.8,82,20,9.22
90,Hilo,US,2022-05-03 19:40:28,19.7297,-155.09,77.29,97,100,6.91
91,Whitehorse,CA,2022-05-03 19:39:37,60.7161,-135.0538,48.09,44,75,18.41
92,Muravlenko,RU,2022-05-03 19:42:33,63.7898,74.523,28.33,81,100,20.24
93,Ancud,CL,2022-05-03 19:42:33,-41.8697,-73.8203,52.99,96,100,10.13
94,Gumdag,TM,2022-05-03 19:42:34,39.2061,54.5906,66.06,66,100,8.25
95,Arraial Do Cabo,BR,2022-05-03 19:42:34,-22.9661,-42.0278,84.16,74,0,14.97
96,Bull Savanna,JM,2022-05-03 19:42:35,17.8868,-77.5902,82.56,66,1,19.04
97,San Cristobal,VE,2022-05-03 19:42:36,7.7669,-72.225,87.98,44,20,7.65
98,El Dorado,US,2022-05-03 19:42:36,38.7666,-120.5177,69.19,28,6,3.0
99,Pisco,PE,2022-05-03 19:42:37,-13.7,-76.2167,72.01,64,0,8.05
100,Leningradskiy,RU,2022-05-03 19:42:37,69.3833,178.4167,15.15,90,86,5.68
101,Georgetown,MY,2022-05-03 19:37:51,5.4112,100.3354,80.53,93,20,5.01
102,Kavieng,PG,2022-05-03 19:42:38,-2.5744,150.7967,81.73,80,100,8.77
103,Mogadishu,SO,2022-05-03 19:40:40,2.0371,45.3438,82.44,79,100,18.68
104,Rajapur,IN,2022-05-03 19:42:39,25.3833,81.15,91.54,40,59,12.64
105,Lasa,IT,2022-05-03 19:42:39,46.6166,10.7002,54.48,97,98,1.19
106,Ulaanbaatar,MN,2022-05-03 19:42:40,47.9077,106.8832,39.33,33,0,0.0
107,Heishan,CN,2022-05-03 19:42:41,41.6892,122.1128,57.47,62,14,16.69
108,Avarua,CK,2022-05-03 19:42:41,-21.2078,-159.775,78.85,94,100,12.66
109,Qingdao,CN,2022-05-03 19:42:42,36.0986,120.3719,60.4,82,0,8.95
110,Honiara,SB,2022-05-03 19:42:42,-9.4333,159.95,79.21,84,52,2.06
111,Ahipara,NZ,2022-05-03 19:42:43,-35.1667,173.1667,57.6,83,75,6.55
112,Okitipupa,NG,2022-05-03 19:42:43,6.5047,4.7839,75.51,93,77,1.3
113,Smithville,US,2022-05-03 19:39:16,39.3869,-94.5811,54.61,68,100,10.36
114,Yellowknife,CA,2022-05-03 19:42:44,62.456,-114.3525,43.32,56,75,23.02
115,Rabat,MA,2022-05-03 19:39:52,33.9911,-6.8401,61.16,77,40,5.75
116,Pringsewu,ID,2022-05-03 19:42:45,-5.3582,104.9744,73.6,95,99,2.77
117,Esil,KZ,2022-05-03 19:42:45,51.9556,66.4042,47.17,35,61,9.42
118,Castro,BR,2022-05-03 19:42:11,-24.7911,-50.0119,63.91,90,100,8.23
119,Sitka,US,2022-05-03 19:42:46,57.0531,-135.33,44.49,76,75,11.5
120,Panzos,GT,2022-05-03 19:42:47,15.4,-89.6667,94.87,43,62,4.25
121,Kongsberg,NO,2022-05-03 19:42:47,59.6652,9.6465,44.98,57,75,2.57
122,Port-Gentil,GA,2022-05-03 19:42:48,-0.7193,8.7815,82.36,89,40,6.91
123,Kandrian,PG,2022-05-03 19:42:49,-6.2167,149.55,77.63,88,16,3.29
124,Jiexiu,CN,2022-05-03 19:42:49,37.0244,111.9125,61.3,26,1,6.55
125,Conakry,GN,2022-05-03 19:42:50,9.538,-13.6773,82.04,74,26,8.77
126,Bonavista,CA,2022-05-03 19:42:51,48.6499,-53.1147,37.81,91,100,15.64
127,La Orilla,MX,2022-05-03 19:42:51,17.9833,-102.2333,85.68,47,100,11.5
128,Bud,US,2022-05-03 19:42:52,39.447,-86.1758,78.82,82,100,19.08
129,Bose,IT,2022-05-03 19:42:52,45.4612,8.0137,56.64,75,100,5.61
130,Kodinsk,RU,2022-05-03 19:42:53,58.6881,99.1844,29.7,94,12,8.84
131,Mount Gambier,AU,2022-05-03 19:42:53,-37.8333,140.7667,51.71,93,100,8.05
132,Isangel,VU,2022-05-03 19:42:54,-19.55,169.2667,78.58,85,13,4.16
133,Wanning,CN,2022-05-03 19:42:55,18.8003,110.3967,69.22,82,100,9.75
134,Haukipudas,FI,2022-05-03 19:42:55,65.1765,25.3523,33.85,71,24,5.73
135,Mahebourg,MU,2022-05-03 19:43:56,-20.4081,57.7,77.29,88,40,5.75
136,Te Anau,NZ,2022-05-03 19:43:56,-45.4167,167.7167,47.14,91,66,1.05
137,Guerrero Negro,MX,2022-05-03 19:42:43,27.9769,-114.0611,67.6,59,100,14.99
138,Aleksandrovskoye,RU,2022-05-03 19:43:57,44.7142,43.0008,44.96,94,61,7.09
139,Carnarvon,AU,2022-05-03 19:43:58,-24.8667,113.6333,62.67,77,0,9.22
140,Kodiak,US,2022-05-03 19:43:58,57.79,-152.4072,42.31,87,100,5.75
141,East London,ZA,2022-05-03 19:43:59,-33.0153,27.9116,67.89,55,84,4.54
142,Dicabisagan,PH,2022-05-03 19:43:59,17.0818,122.4157,77.52,87,98,5.19
143,Port Lincoln,AU,2022-05-03 19:39:37,-34.7333,135.8667,56.64,62,70,16.51
144,Belaya Gora,RU,2022-05-03 19:44:00,68.5333,146.4167,31.14,94,100,4.92
145,Tadine,NC,2022-05-03 19:44:01,-21.55,167.8833,75.96,85,18,3.56
146,Bluff,NZ,2022-05-03 19:44:01,-46.6,168.3333,42.8,87,16,6.73
147,Nizhniy Kuranakh,RU,2022-05-03 19:44:02,58.8353,125.4869,26.24,89,100,4.07
148,La Solana,ES,2022-05-03 19:44:03,38.9442,-3.2381,52.0,79,95,17.92
149,Ponta Do Sol,PT,2022-05-03 19:44:03,32.6667,-17.1,65.03,54,30,5.3
150,Turukhansk,RU,2022-05-03 19:44:04,65.8167,87.9833,19.8,93,89,5.73
151,Tome,CL,2022-05-03 19:44:05,-36.6167,-72.95,65.01,60,9,8.52
152,Husavik,IS,2022-05-03 19:44:05,66.0449,-17.3389,32.74,97,100,12.73
153,Starkville,US,2022-05-03 19:43:57,33.4504,-88.8184,84.69,57,0,9.22
154,Las Palmas,ES,2022-05-03 19:44:07,28.4204,-14.0131,65.19,64,20,18.41
155,Majene,ID,2022-05-03 19:44:07,-3.5403,118.9707,77.74,87,100,4.94
156,Luoyang,CN,2022-05-03 19:44:08,34.6836,112.4536,63.28,39,0,5.55
157,Cockburn Town,TC,2022-05-03 19:44:08,21.4612,-71.1419,82.36,65,40,16.11
158,San Vicente,AR,2022-05-03 19:42:32,-26.6167,-54.1333,53.11,100,100,4.32
159,Kavaratti,IN,2022-05-03 19:44:09,10.5669,72.642,84.97,70,79,13.94
160,Siderno,IT,2022-05-03 19:44:10,38.2779,16.302,59.34,75,17,6.96
161,Puerto Escondido,MX,2022-05-03 19:40:22,15.85,-97.0667,86.83,74,40,4.61
162,Tagusao,PH,2022-05-03 19:44:11,9.1924,117.8141,78.57,84,91,2.75
163,Santa Maria,BR,2022-05-03 19:39:56,-29.6842,-53.8069,58.3,100,100,5.75
164,Vostok,RU,2022-05-03 19:44:12,46.4856,135.8833,33.26,97,61,2.93
165,Saint George,US,2022-05-03 19:41:01,37.1041,-113.5841,71.64,13,0,12.66
166,Barreirinhas,BR,2022-05-03 19:44:13,-2.7469,-42.8264,80.73,86,94,6.53
167,Saint-Louis,SN,2022-05-03 19:44:13,16.3333,-15.0,94.64,26,100,15.14
168,Aswan,EG,2022-05-03 19:44:14,24.0934,32.907,96.1,14,0,9.22
169,Megali Khora,GR,2022-05-03 19:44:15,38.6333,21.3667,58.66,84,7,3.89
170,Azanka,RU,2022-05-03 19:44:15,58.0401,64.7893,39.42,65,21,6.24
171,Margate,GB,2022-05-03 19:44:16,51.3813,1.3862,49.69,85,43,8.37
172,Galle,LK,2022-05-03 19:44:17,6.0367,80.217,81.68,84,100,8.81
173,Bom Jardim,BR,2022-05-03 19:44:17,-7.7958,-35.5872,75.6,88,62,8.61
174,Bend,US,2022-05-03 19:43:44,44.0582,-121.3153,58.48,38,0,6.91
175,Oktyabrskiy,RU,2022-05-03 19:44:18,54.4815,53.471,44.83,62,65,6.91
176,Hovd,MN,2022-05-03 19:44:19,48.0056,91.6419,56.41,61,63,1.01
177,Solnechnyy,RU,2022-05-03 19:44:20,50.7214,136.6319,30.38,97,89,5.39
178,Russell,US,2022-05-03 19:44:20,32.3502,-85.1999,88.12,48,20,6.91
179,Rawson,AR,2022-05-03 19:44:21,-43.3002,-65.1023,69.22,35,100,21.63
180,Namibe,AO,2022-05-03 19:44:22,-15.1961,12.1522,74.41,76,18,4.74
181,Paris,FR,2022-05-03 19:43:18,48.8534,2.3488,62.08,56,0,11.5
182,Quatre Cocos,MU,2022-05-03 19:45:23,-20.2078,57.7625,77.11,84,46,12.35
183,Aitape,PG,2022-05-03 19:45:24,-3.1374,142.3475,78.04,88,100,4.09
184,Port Alfred,ZA,2022-05-03 19:45:24,-33.5906,26.891,64.18,94,68,1.99
185,Fairbanks,US,2022-05-03 19:45:25,64.8378,-147.7164,53.1,42,0,4.61
186,Butler,US,2022-05-03 19:45:26,39.4501,-84.5666,77.14,81,100,14.97
187,Saskylakh,RU,2022-05-03 19:45:27,71.9167,114.0833,12.43,95,93,7.58
188,Zabol,AF,2022-05-03 19:45:28,32.25,67.25,64.29,42,100,8.86
189,Chuy,UY,2022-05-03 19:45:28,-33.6971,-53.4616,61.65,62,20,7.18
190,Condega,NI,2022-05-03 19:45:29,13.365,-86.3985,88.95,48,70,4.05
191,Mount Isa,AU,2022-05-03 19:42:10,-20.7333,139.5,69.57,46,0,11.5
192,Wawa,NG,2022-05-03 19:45:30,9.9022,4.4192,88.34,47,83,3.44
193,Victoria,HK,2022-05-03 19:40:52,22.2855,114.1577,73.45,69,39,8.99
194,Pimentel,PE,2022-05-03 19:45:31,-6.8367,-79.9342,75.49,60,0,17.27
195,Asyut,EG,2022-05-03 19:45:32,27.181,31.1837,84.38,25,20,8.7
196,Tebingtinggi,ID,2022-05-03 19:45:32,3.3285,99.1625,76.48,91,100,1.54
197,Westport,US,2022-05-03 19:45:08,41.1415,-73.3579,61.14,83,100,9.22
198,Cap-Aux-Meules,CA,2022-05-03 19:45:33,47.3821,-61.8597,42.85,75,75,9.22
199,Puerto Ayora,EC,2022-05-03 19:45:34,-0.7393,-90.3518,80.56,78,81,9.82
200,Alofi,NU,2022-05-03 19:45:35,-19.0595,-169.9187,76.89,73,100,9.22
201,Tuktoyaktuk,CA,2022-05-03 19:45:35,69.4541,-133.0374,23.0,100,100,11.5
202,Pangnirtung,CA,2022-05-03 19:45:36,66.1451,-65.7125,19.4,86,100,14.97
203,Coihaique,CL,2022-05-03 19:45:37,-45.5752,-72.0662,53.55,76,100,10.36
204,Siloam Springs,US,2022-05-03 19:45:38,36.1881,-94.5405,54.66,79,100,6.91
205,Laramie,US,2022-05-03 19:44:22,41.3114,-105.5911,62.1,32,0,24.16
206,Provideniya,RU,2022-05-03 19:45:39,64.3833,-173.3,20.8,52,37,11.1
207,Los Llanos De Aridane,ES,2022-05-03 19:43:54,28.6585,-17.9182,64.15,77,75,14.97
208,Sabha,LY,2022-05-03 19:45:40,27.0377,14.4283,73.18,17,0,10.2
209,Logan Lake,CA,2022-05-03 19:45:41,50.4998,-120.8025,58.84,55,98,9.8
210,Gwadar,PK,2022-05-03 19:45:42,25.1216,62.3254,81.27,74,0,11.9
211,Krasnozerskoye,RU,2022-05-03 19:45:43,53.9828,79.2374,41.29,34,76,6.24
212,Clara,IE,2022-05-03 19:45:44,53.3425,-7.6139,57.15,83,100,8.32
213,Sabratah,LY,2022-05-03 19:45:44,32.7933,12.4885,72.23,40,0,12.91
214,Jaciara,BR,2022-05-03 19:45:45,-15.9653,-54.9683,84.81,50,90,6.53
215,Nara,JP,2022-05-03 19:45:46,34.6851,135.8049,51.69,61,0,2.42
216,Tiznit,MA,2022-05-03 19:45:46,29.5833,-9.5,55.92,82,69,13.94
217,Turbat,PK,2022-05-03 19:45:47,26.0023,63.044,84.7,39,0,1.14
218,Beisfjord,NO,2022-05-03 19:45:48,68.3751,17.5988,32.05,94,100,4.92
219,Kidal,ML,2022-05-03 19:45:49,18.4411,1.4078,87.82,8,98,8.75
220,Traverse City,US,2022-05-03 19:45:49,44.7631,-85.6206,50.11,87,100,4.61
221,Lai,TD,2022-05-03 19:45:50,9.3952,16.2989,84.83,53,84,8.84
222,Anklam,DE,2022-05-03 19:45:50,53.8564,13.6897,48.06,90,25,3.6
223,Ambon,ID,2022-05-03 19:45:51,-3.6954,128.1814,75.34,94,40,6.91
224,Kapit,MY,2022-05-03 19:45:52,2.0167,112.9333,73.8,100,75,0.31
225,Miyazu,JP,2022-05-03 19:45:52,35.5333,135.1833,46.78,73,0,7.52
226,Ola,RU,2022-05-03 19:46:53,59.5833,151.2833,32.52,88,76,2.95
227,Andenes,NO,2022-05-03 19:46:54,69.3143,16.1194,30.18,86,100,5.75
228,Norman Wells,CA,2022-05-03 19:46:56,65.282,-126.8329,55.44,47,75,16.11
229,Lata,PT,2022-05-03 19:46:56,40.1629,-8.3327,57.38,66,44,4.92
230,Jacareacanga,BR,2022-05-03 19:46:57,-6.2222,-57.7528,84.22,78,57,2.26
231,Kolpashevo,RU,2022-05-03 19:46:58,58.3131,82.9089,30.42,86,5,5.73
232,Thinadhoo,MV,2022-05-03 19:46:59,0.5333,72.9333,81.9,77,100,15.12
233,Northam,GB,2022-05-03 19:46:59,51.0333,-4.2167,53.62,87,94,4.59
234,Catamarca,AR,2022-05-03 19:47:00,-28.4696,-65.7852,75.78,31,0,3.0
235,Angoche,MZ,2022-05-03 19:47:01,-16.2325,39.9086,74.07,75,7,8.12
236,Hamilton,US,2022-05-03 19:44:50,39.1834,-84.5333,77.94,77,75,17.27
237,Laukaa,RU,2022-05-03 19:47:02,58.7372,29.8453,33.94,70,8,5.91
238,Lufkin,US,2022-05-03 19:47:03,31.3382,-94.7291,83.84,70,20,10.36
239,Nganjuk,ID,2022-05-03 19:47:04,-7.6051,111.9035,75.36,95,100,4.12
240,Umm Kaddadah,SD,2022-05-03 19:47:04,13.6017,26.6876,90.19,26,82,10.65
241,Chulym,RU,2022-05-03 19:47:05,55.0997,80.9572,38.88,39,43,3.06
242,Dunedin,NZ,2022-05-03 19:47:06,-45.8742,170.5036,52.81,89,12,1.99
243,Dudinka,RU,2022-05-03 19:47:07,69.4058,86.1778,18.63,99,100,5.48
244,Urumqi,CN,2022-05-03 19:47:08,43.801,87.6005,65.35,49,98,4.47
245,Arman,RU,2022-05-03 19:47:09,59.7,150.1667,32.94,82,71,2.28
246,Lavrentiya,RU,2022-05-03 19:47:09,65.5833,-171.0,13.37,80,23,7.31
247,Yerbogachen,RU,2022-05-03 19:47:11,61.2767,108.0108,27.7,95,100,13.49
248,Suicheng,CN,2022-05-03 19:47:12,33.8963,117.9331,59.67,67,0,8.28
249,Torbay,CA,2022-05-03 19:45:08,47.6666,-52.7314,46.89,79,75,13.8
250,Hithadhoo,MV,2022-05-03 19:47:13,-0.6,73.0833,80.96,82,94,16.49
251,Namatanai,PG,2022-05-03 19:47:13,-3.6667,152.4333,79.81,83,43,5.99
252,Gravdal,NO,2022-05-03 19:47:14,68.1214,13.5031,31.89,93,40,3.44
253,Naze,JP,2022-05-03 19:47:15,28.3667,129.4833,65.32,62,100,7.11
254,Tongchuan,CN,2022-05-03 19:47:16,35.0806,109.0897,58.26,32,0,2.46
255,Mar Del Plata,AR,2022-05-03 19:42:25,-38.0023,-57.5575,61.95,59,0,14.97
256,Axim,GH,2022-05-03 19:47:17,4.8699,-2.2405,81.07,83,99,7.83
257,Santa Maria Do Para,BR,2022-05-03 19:47:18,-1.3503,-47.5756,74.07,99,100,6.46
258,Lorengau,PG,2022-05-03 19:47:19,-2.0226,147.2712,81.59,79,98,4.16
259,Zhoucheng,CN,2022-05-03 19:47:19,35.9122,116.3117,57.51,48,0,7.52
260,Constitucion,CL,2022-05-03 19:47:20,-35.3333,-72.4167,63.99,56,2,14.0
261,Flinders,AU,2022-05-03 19:47:20,-34.5833,150.8552,58.28,88,0,1.99
262,Barber,CW,2022-05-03 19:47:21,12.2833,-69.0667,85.98,70,20,13.8
263,Pemangkat,ID,2022-05-03 19:47:22,1.1667,108.9667,79.25,86,100,7.43
264,Muscatine,US,2022-05-03 19:44:55,41.4667,-91.1335,49.84,80,100,13.8
265,Aripuana,BR,2022-05-03 19:47:23,-9.1667,-60.6333,84.16,69,100,0.94
266,Ajaccio,FR,2022-05-03 19:46:29,42.0,8.9167,57.18,55,0,3.44
267,Faanui,PF,2022-05-03 19:47:24,-16.4833,-151.75,80.94,77,83,10.78
268,Pevek,RU,2022-05-03 19:47:24,69.7008,170.3133,16.43,93,95,3.83
269,Khuchni,RU,2022-05-03 19:47:25,41.9499,47.9485,43.81,83,42,2.55
270,Umm Lajj,SA,2022-05-03 19:47:25,25.0213,37.2685,84.49,52,0,3.11
271,Atar,MR,2022-05-03 19:47:26,20.5169,-13.0499,91.35,11,0,8.37
272,Tasiilaq,GL,2022-05-03 19:47:27,65.6145,-37.6368,28.56,77,100,5.21
273,Paciran,ID,2022-05-03 19:47:27,-6.8767,112.3761,79.41,86,96,7.92
274,Mwene-Ditu,CD,2022-05-03 19:47:28,-7.0,23.45,65.37,90,51,3.98
275,College,US,2022-05-03 19:47:29,64.8569,-147.8028,53.1,42,0,4.61
276,Morondava,MG,2022-05-03 19:48:29,-20.2833,44.2833,76.84,76,0,6.67
277,Atambua,ID,2022-05-03 19:48:30,-9.1061,124.8925,73.72,88,47,4.05
278,Preobrazheniye,RU,2022-05-03 19:48:31,42.9019,133.9064,47.5,70,99,8.12
279,Luwuk,ID,2022-05-03 19:48:31,-0.9516,122.7875,77.94,85,77,3.8
280,Acapulco,MX,2022-05-03 19:48:23,16.8634,-99.8901,88.47,47,34,11.5
281,Upernavik,GL,2022-05-03 19:48:32,72.7868,-56.1549,12.56,86,15,10.16
282,Tubuala,PA,2022-05-03 19:48:32,9.5167,-79.0333,84.33,74,60,7.45
283,Waingapu,ID,2022-05-03 19:48:33,-9.6567,120.2641,78.01,85,100,7.67
284,Mabaruma,GY,2022-05-03 19:48:34,8.2,-59.7833,74.91,97,100,3.0
285,Nyuksenitsa,RU,2022-05-03 19:48:34,60.4128,44.2397,38.97,89,100,6.58
286,Zeerust,ZA,2022-05-03 19:48:35,-25.5369,26.0751,62.46,53,68,2.46
287,Cao Bang,VN,2022-05-03 19:48:36,22.6667,106.25,62.89,70,40,1.63
288,North Vanlaiphai,IN,2022-05-03 19:48:36,23.1333,93.0667,59.09,95,99,0.4
289,Mumford,GH,2022-05-03 19:48:37,5.2618,-0.759,81.57,85,57,8.86
290,Coihueco,CL,2022-05-03 19:48:37,-36.6167,-71.8333,70.54,46,0,16.11
291,Lahij,YE,2022-05-03 19:48:38,13.1667,44.5833,84.29,48,50,4.05
292,Ugoofaaru,MV,2022-05-03 19:48:38,5.6667,73.0,84.36,71,100,11.34
293,Gasa,PS,2022-05-03 19:48:39,31.5,34.4667,67.87,79,2,10.38
294,Cherskiy,RU,2022-05-03 19:48:40,68.75,161.3,32.7,81,91,13.27
295,Zhigansk,RU,2022-05-03 19:48:40,66.7697,123.3711,2.17,98,24,3.96
296,Mikun,RU,2022-05-03 19:48:41,62.3547,50.0771,38.5,92,100,6.76
297,Vao,NC,2022-05-03 19:48:41,-22.6667,167.4833,75.25,81,98,25.88
298,Quelimane,MZ,2022-05-03 19:48:42,-17.8786,36.8883,73.35,88,75,4.61
299,Coahuayana,MX,2022-05-03 19:48:42,18.7333,-103.6833,90.79,39,93,8.08
300,Gualeguaychu,AR,2022-05-03 19:48:43,-33.0094,-58.5172,61.9,74,14,6.4
301,Tono,JP,2022-05-03 19:48:43,39.3167,141.5333,38.1,85,24,3.51
302,Manokwari,ID,2022-05-03 19:48:44,-0.8667,134.0833,78.4,82,99,4.27
303,Naryan-Mar,RU,2022-05-03 19:48:45,67.6713,53.087,33.55,100,100,7.36
304,Airai,TL,2022-05-03 19:48:45,-8.9266,125.4092,59.94,92,52,2.73
305,Tsybli,UA,2022-05-03 19:48:46,49.9948,31.5628,52.79,81,90,8.14
306,Wenzhou,CN,2022-05-03 19:48:46,27.9994,120.6668,60.22,52,100,2.15
307,Haines Junction,CA,2022-05-03 19:39:12,60.7522,-137.5108,44.55,49,93,8.05
308,Kayerkan,RU,2022-05-03 19:48:47,69.3497,87.7602,17.53,100,100,7.09
309,Amahai,ID,2022-05-03 19:48:48,-3.3333,128.9167,79.5,84,91,2.98
310,Katsuura,JP,2022-05-03 19:48:49,35.1333,140.3,60.3,66,0,12.84
311,Acarau,BR,2022-05-03 19:48:49,-2.8856,-40.12,80.37,84,69,13.15
312,Iqaluit,CA,2022-05-03 19:48:50,63.7506,-68.5145,17.33,72,20,18.41
313,San Jose,US,2022-05-03 19:44:34,37.3394,-121.895,76.89,29,0,14.97
314,Puerto Baquerizo Moreno,EC,2022-05-03 19:48:51,-0.9,-89.6,79.79,69,40,13.8
315,Navahrudak,BY,2022-05-03 19:48:51,53.6,25.8333,41.99,92,25,5.68
316,Muscat,OM,2022-05-03 19:47:14,23.6139,58.5922,91.42,48,0,10.07
317,Saint-Joseph,RE,2022-05-03 19:48:52,-21.3667,55.6167,70.18,83,25,11.23
318,Neuquen,AR,2022-05-03 19:48:53,-38.9516,-68.0591,73.29,27,0,9.22
319,Vila Franca Do Campo,PT,2022-05-03 19:48:53,37.7167,-25.4333,67.19,78,100,3.91
320,Sola,VU,2022-05-03 19:48:54,-13.8833,167.55,81.97,73,81,10.16
321,Gap,FR,2022-05-03 19:48:55,44.6667,6.0,38.84,90,98,2.86
322,Cam Ranh,VN,2022-05-03 19:48:55,11.9214,109.1591,80.56,74,40,9.22
323,Kaeo,NZ,2022-05-03 19:48:56,-35.1,173.7833,54.32,96,18,8.43
324,Kruisfontein,ZA,2022-05-03 19:49:57,-34.0033,24.7314,62.89,94,0,5.39
325,Hofn,IS,2022-05-03 19:49:57,64.2539,-15.2082,42.85,88,100,3.24
326,Pathein,MM,2022-05-03 19:49:58,16.7833,94.7333,81.36,72,86,3.09
327,Aromashevo,RU,2022-05-03 19:49:58,56.8602,68.6375,40.08,65,17,7.78
328,Datong,CN,2022-05-03 19:49:59,40.0936,113.2914,60.57,24,68,9.57
329,Kabanjahe,ID,2022-05-03 19:50:00,3.1001,98.4908,64.35,94,100,4.34
330,Sao Joao Da Barra,BR,2022-05-03 19:50:00,-21.6403,-41.0511,84.29,80,31,11.72
331,Kikwit,CD,2022-05-03 19:50:01,-5.041,18.8162,72.95,85,28,2.26
332,Yar-Sale,RU,2022-05-03 19:50:02,66.8333,70.8333,31.46,99,100,8.03
333,Kasongo-Lunda,CD,2022-05-03 19:50:02,-6.4667,16.8167,70.18,96,66,1.36
334,Starachowice,PL,2022-05-03 19:50:03,51.0374,21.0713,53.65,73,98,3.04
335,Celestun,MX,2022-05-03 19:50:04,20.8667,-90.4,88.88,58,15,10.38
336,Sorland,NO,2022-05-03 19:50:04,67.667,12.6934,35.24,60,100,11.41
337,Tahta,EG,2022-05-03 19:50:05,26.7693,31.5021,83.7,22,12,9.15
338,Bucerias,MX,2022-05-03 19:45:15,20.75,-105.3333,87.12,41,100,7.92
339,Christchurch,NZ,2022-05-03 19:50:06,-43.5333,172.6333,52.95,97,100,5.75
340,Severo-Kurilsk,RU,2022-05-03 19:50:07,50.6789,156.125,34.75,99,100,10.87
341,Ajdabiya,LY,2022-05-03 19:50:07,30.7554,20.2263,62.08,73,0,7.96
342,Itarema,BR,2022-05-03 19:50:08,-2.9248,-39.9167,79.72,87,61,12.66
343,Aqtobe,KZ,2022-05-03 19:50:09,50.2797,57.2072,51.89,40,75,4.47
344,Brumado,BR,2022-05-03 19:50:10,-14.2036,-41.6653,85.44,34,100,5.95
345,Konongo,GH,2022-05-03 19:50:11,6.6167,-1.2167,75.0,95,86,2.44
346,Ambilobe,MG,2022-05-03 19:50:11,-13.2,49.05,72.19,90,25,4.25
347,Presidencia Roque Saenz Pena,AR,2022-05-03 19:50:12,-26.7852,-60.4388,65.14,48,0,8.9
348,Ravar,IR,2022-05-03 19:50:12,31.2656,56.8055,69.8,33,0,3.96
349,Kishi,NG,2022-05-03 19:50:14,9.0833,3.85,75.99,73,100,4.63
350,Nuuk,GL,2022-05-03 19:50:14,64.1835,-51.7216,25.03,83,100,15.46
351,Nanortalik,GL,2022-05-03 19:50:15,60.1432,-45.2371,34.97,85,72,5.86
352,Ingleside,US,2022-05-03 19:50:15,27.8778,-97.2117,84.97,80,40,13.8
353,Aksarka,RU,2022-05-03 19:50:16,66.5606,67.7975,33.17,99,100,11.81
354,Olinda,BR,2022-05-03 19:50:17,-8.0089,-34.8553,83.93,74,40,10.36
355,Itaituba,BR,2022-05-03 19:50:18,-4.2761,-55.9836,82.56,78,40,0.0
356,Abu Dhabi,AE,2022-05-03 19:49:23,24.4667,54.3667,82.51,49,0,9.22
357,Khash,IR,2022-05-03 19:50:19,28.2211,61.2158,70.14,30,0,3.85
358,Alakurtti,RU,2022-05-03 19:50:19,66.9672,30.3491,23.56,80,48,8.88
359,Sueca,ES,2022-05-03 19:50:20,39.2026,-0.3111,61.32,90,86,3.0
360,Kapuskasing,CA,2022-05-03 19:49:02,49.4169,-82.4331,37.49,93,100,8.05
361,Aykhal,RU,2022-05-03 19:50:21,66.0,111.5,21.2,96,100,8.7
362,Poum,NC,2022-05-03 19:50:22,-20.2333,164.0167,77.29,84,0,17.29
363,Takoradi,GH,2022-05-03 19:50:22,4.8845,-1.7554,81.36,82,93,8.61
364,Praia Da Vitoria,PT,2022-05-03 19:50:23,38.7333,-27.0667,64.76,82,40,8.3
365,Tilichiki,RU,2022-05-03 19:48:48,60.4667,166.1,22.87,90,50,6.11
366,Bilibino,RU,2022-05-03 19:50:24,68.0546,166.4372,21.6,97,100,2.62
367,Saraland,US,2022-05-03 19:51:24,30.8207,-88.0706,87.57,62,54,10.47
368,Mountain Home,US,2022-05-03 19:51:25,43.133,-115.6912,53.08,87,100,16.11
369,Toyooka,JP,2022-05-03 19:51:25,35.5333,134.8333,49.66,68,0,5.95
370,Tupiza,BO,2022-05-03 19:51:26,-21.45,-65.7167,66.06,7,0,9.62
371,Riyadh,SA,2022-05-03 19:47:19,24.6877,46.7219,84.34,16,0,7.47
372,Kaitong,CN,2022-05-03 19:51:27,44.8135,123.15,63.39,37,100,15.1
373,Kulynychi,UA,2022-05-03 19:51:28,49.9823,36.3842,54.21,58,50,5.61
374,Rocafuerte,EC,2022-05-03 19:51:29,-0.9167,-80.4333,80.47,78,98,9.04
375,Rio Tercero,AR,2022-05-03 19:51:29,-32.173,-64.1141,69.8,27,0,7.81
376,Bhander,IN,2022-05-03 19:51:30,25.7333,78.75,96.04,18,97,3.53
377,Ixtapa,MX,2022-05-03 19:51:30,20.7,-105.2,93.42,26,100,7.85
378,Trat,TH,2022-05-03 19:51:31,12.5,102.5,68.47,93,100,6.38
379,Comodoro Rivadavia,AR,2022-05-03 19:50:01,-45.8667,-67.5,71.46,30,0,34.52
380,Biak,ID,2022-05-03 19:51:32,-0.9131,122.8766,77.13,83,77,4.41
381,Iquique,CL,2022-05-03 19:51:32,-20.2208,-70.1431,66.24,73,16,6.11
382,Camacupa,AO,2022-05-03 19:51:33,-12.0167,17.4833,59.22,65,0,3.24
383,Rassvet,RU,2022-05-03 19:51:34,46.8333,40.75,46.06,100,46,0.22
384,Ust-Tsilma,RU,2022-05-03 19:51:34,65.441,52.1498,34.75,94,100,7.99
385,Aldan,RU,2022-05-03 19:51:35,58.6031,125.3894,24.93,84,100,8.7
386,Chardara,KZ,2022-05-03 19:51:35,41.2547,67.9692,69.49,73,100,7.27
387,Polunochnoye,RU,2022-05-03 19:51:36,60.8697,60.4153,39.15,84,100,9.28
388,Puerto El Triunfo,SV,2022-05-03 19:51:37,13.2833,-88.55,89.02,60,47,10.76
389,Sisimiut,GL,2022-05-03 19:51:37,66.9395,-53.6735,26.06,86,99,21.92
390,Pingyi,CN,2022-05-03 19:51:38,35.5006,117.6308,60.48,56,0,4.61
391,Kulhudhuffushi,MV,2022-05-03 19:51:38,6.6221,73.07,85.5,68,100,11.18
392,Inuvik,CA,2022-05-03 19:51:39,68.3499,-133.7218,32.76,80,40,6.91
393,Xai-Xai,MZ,2022-05-03 19:51:39,-25.0519,33.6442,67.53,82,0,4.56
394,Micheweni,TZ,2022-05-03 19:51:40,-4.9667,39.8333,79.66,78,100,18.88
395,Belyy Yar,RU,2022-05-03 19:51:40,53.6039,91.3903,44.85,61,0,11.18
396,Santiago,CL,2022-05-03 19:48:27,-33.4569,-70.6483,80.04,23,0,2.3
397,Gimbi,ET,2022-05-03 19:51:41,9.1667,35.8333,58.12,83,78,4.07
398,Acatlan,MX,2022-05-03 19:51:42,20.15,-98.45,79.03,28,100,10.83
399,Saint Andrews,US,2022-05-03 19:51:43,34.0454,-81.1293,89.38,52,75,11.5
400,Amuntai,ID,2022-05-03 19:51:43,-2.4177,115.2494,75.79,96,100,2.28
401,Kirakira,SB,2022-05-03 19:51:44,-10.4544,161.9205,80.38,80,56,3.33
402,Edd,ER,2022-05-03 19:51:44,13.9297,41.6925,86.56,66,6,5.12
403,Tiffin,US,2022-05-03 19:51:45,41.1145,-83.178,70.0,90,100,1.01
404,Hammerfest,NO,2022-05-03 19:51:46,70.6634,23.6821,28.85,69,75,13.8
405,Roma,US,2022-05-03 19:51:46,43.2128,-75.4557,66.81,57,0,5.75
406,Cabo San Lucas,MX,2022-05-03 19:49:08,22.8909,-109.9124,83.61,57,28,9.44
407,Huarmey,PE,2022-05-03 19:51:47,-10.0681,-78.1522,70.79,74,48,9.1
408,Port Hawkesbury,CA,2022-05-03 19:51:48,45.6169,-61.3485,52.9,77,100,13.8
409,Copperas Cove,US,2022-05-03 19:50:29,31.1241,-97.9031,85.33,65,0,12.66
410,Bogorodskoye,RU,2022-05-03 19:51:48,56.55,37.8833,42.44,88,100,5.14
411,Tomigusuku,JP,2022-05-03 19:51:49,26.185,127.675,71.37,55,75,9.22
412,Oktyabrskoye,RU,2022-05-03 19:51:49,43.0645,44.7417,46.54,100,100,2.24
413,Chissamba,AO,2022-05-03 19:51:50,-12.1667,17.3333,60.19,65,0,2.46
414,Banff,CA,2022-05-03 19:47:10,51.1762,-115.5698,59.38,26,49,11.5
415,Panama City,PA,2022-05-03 19:48:13,8.9936,-79.5197,89.17,76,40,10.36
416,Malinao,PH,2022-05-03 19:52:51,7.5917,124.6889,67.01,86,92,3.24
417,Papillion,US,2022-05-03 19:49:35,41.1544,-96.0422,53.58,67,100,5.99
418,Ilulissat,GL,2022-05-03 19:52:52,69.2167,-51.1,25.47,93,100,6.17
419,Vacaria,BR,2022-05-03 19:52:53,-28.5122,-50.9339,53.28,98,100,8.72
420,Zhuji,CN,2022-05-03 19:52:53,29.7188,120.2423,57.51,68,100,3.15
421,Baarn,NL,2022-05-03 19:52:54,52.2117,5.2875,49.93,82,94,6.87
422,Itambacuri,BR,2022-05-03 19:52:55,-18.0311,-41.685,77.85,57,91,2.73
423,Rupert,US,2022-05-03 19:52:55,42.6191,-113.6772,42.75,70,100,5.75
424,Berlevag,NO,2022-05-03 19:52:56,70.8578,29.0864,24.75,68,20,11.5
425,Esna,EG,2022-05-03 19:52:56,25.2934,32.554,89.62,17,10,11.9
426,Awjilah,LY,2022-05-03 19:52:57,29.1081,21.2869,68.58,37,0,14.45
427,Mamboma,SL,2022-05-03 19:52:58,8.0833,-11.6833,82.18,67,21,5.08
428,Kargopol,RU,2022-05-03 19:52:58,61.5071,38.9456,33.44,82,69,8.79
429,Jian,CN,2022-05-03 19:52:59,27.1172,114.9793,61.77,77,91,0.85
430,Labuhan,ID,2022-05-03 19:53:00,-6.8844,112.2051,78.51,89,97,7.07
431,Grand Gaube,MU,2022-05-03 19:53:00,-20.0064,57.6608,77.4,81,6,5.01
432,Fereydun Kenar,IR,2022-05-03 19:53:01,36.6864,52.5225,62.82,88,75,0.0
433,Akyab,MM,2022-05-03 19:53:01,20.15,92.9,81.97,75,0,3.06
434,Caxias,PT,2022-05-03 19:53:02,38.7031,-9.2767,66.02,62,20,24.16
435,Aklavik,CA,2022-05-03 19:53:03,68.2191,-135.0107,30.2,86,100,11.5
436,Xiangxiang,CN,2022-05-03 19:53:04,27.7333,112.5333,62.19,75,35,0.51
437,Beaverlodge,CA,2022-05-03 19:53:04,55.2166,-119.4361,58.35,45,99,14.67
438,Beringovskiy,RU,2022-05-03 19:53:05,63.05,179.3167,17.73,88,23,7.0
439,Pacific Grove,US,2022-05-03 19:53:06,36.6177,-121.9166,74.34,58,0,10.0
440,Sioux Lookout,CA,2022-05-03 19:53:06,50.1001,-91.917,41.07,52,20,4.61
441,Oum Hadjer,TD,2022-05-03 19:53:07,13.2954,19.6966,97.05,22,52,6.46
442,Reconquista,AR,2022-05-03 19:50:11,-29.15,-59.65,64.74,57,3,8.52
443,Le Port,RE,2022-05-03 19:53:08,-20.9373,55.2919,73.36,78,27,4.85
444,Chicaman,GT,2022-05-03 19:53:08,15.4,-90.7667,79.92,42,47,6.35
445,La Seyne-Sur-Mer,FR,2022-05-03 19:53:09,43.0982,5.8847,63.86,83,100,3.0
446,Tarko-Sale,RU,2022-05-03 19:53:10,64.9225,77.785,26.31,87,100,21.0
447,Ulladulla,AU,2022-05-03 19:53:10,-35.35,150.4667,58.1,77,0,7.11
448,Alice Springs,AU,2022-05-03 19:53:11,-23.7,133.8833,58.55,67,100,0.0
449,Narsaq,GL,2022-05-03 19:53:12,60.9167,-46.05,37.09,80,100,5.06
450,Barranca,PE,2022-05-03 19:53:12,-10.75,-77.7667,68.63,75,17,7.0
451,Sao Felix Do Xingu,BR,2022-05-03 19:53:13,-6.6447,-51.995,85.71,67,97,3.09
452,Huilong,CN,2022-05-03 19:53:14,31.8111,121.655,60.93,81,95,10.76
453,Luis Correia,BR,2022-05-03 19:53:15,-2.8792,-41.6669,86.0,84,75,9.22
454,Ronda,ES,2022-05-03 19:53:15,36.7423,-5.1671,48.56,89,100,1.95
455,Vila,PT,2022-05-03 19:53:16,42.0304,-8.1588,54.48,86,6,4.76
456,Port Blair,IN,2022-05-03 19:53:17,11.6667,92.75,80.64,89,40,2.3
457,Natal,BR,2022-05-03 19:53:17,-5.795,-35.2094,86.22,74,40,18.41
458,Zaykovo,RU,2022-05-03 19:53:18,57.5613,62.7568,44.91,62,9,8.55
459,Fene,ES,2022-05-03 19:53:18,43.45,-8.15,54.95,85,16,10.8
460,Agirish,RU,2022-05-03 19:53:19,61.9247,63.0231,38.75,75,100,12.03
461,Zhezkazgan,KZ,2022-05-03 19:54:20,47.8043,67.7144,57.02,48,100,16.35
462,Manuk Mangkaw,PH,2022-05-03 19:54:20,4.8,119.85,82.96,77,91,7.83
463,Santa Cruz,BO,2022-05-03 19:54:21,-17.8,-63.1667,66.25,68,100,14.97
464,Varzea Da Palma,BR,2022-05-03 19:54:21,-17.5981,-44.7308,84.56,33,79,6.08
465,Knysna,ZA,2022-05-03 19:54:22,-34.0363,23.0471,62.35,93,2,2.89
466,Rocha,UY,2022-05-03 19:54:23,-34.4833,-54.3333,60.37,69,41,6.49
467,Villa Rica,US,2022-05-03 19:54:23,33.7321,-84.9191,85.93,35,88,12.01
468,Port Hardy,CA,2022-05-03 19:54:24,50.6996,-127.4199,44.78,93,100,4.61
469,Verkhnevilyuysk,RU,2022-05-03 19:54:25,63.4453,120.3167,27.18,81,100,9.48
470,Soavinandriana,MG,2022-05-03 19:54:25,-19.1667,46.7333,57.13,91,15,5.01
471,Peniche,PT,2022-05-03 19:54:26,39.3558,-9.3811,64.08,86,62,19.3
472,Waddan,LY,2022-05-03 19:54:26,29.1614,16.139,72.28,21,0,10.11
473,Babu,CN,2022-05-03 19:54:27,24.4167,111.5167,60.49,79,49,2.48
474,Neyshabur,IR,2022-05-03 19:54:28,36.2133,58.7958,60.46,67,34,1.72
475,Pitiquito,MX,2022-05-03 19:54:28,30.7,-112.0833,87.01,18,100,18.79
476,Bereda,ES,2022-05-03 19:54:29,43.2686,-7.5406,54.41,96,42,7.25
477,Kontagora,NG,2022-05-03 19:54:29,10.3999,5.4695,88.72,42,79,2.39
478,Prince Rupert,CA,2022-05-03 19:50:59,54.3161,-130.3201,44.69,81,100,44.87
479,Flin Flon,CA,2022-05-03 19:54:30,54.7682,-101.865,30.04,86,100,11.5
480,Willmar,US,2022-05-03 19:54:31,45.1219,-95.0433,55.42,46,0,5.75
481,Nanlong,CN,2022-05-03 19:54:31,31.3533,106.0631,62.82,66,99,0.69
482,Jaruco,CU,2022-05-03 19:54:32,23.0431,-82.0108,82.67,65,64,11.48
483,Limbang,MY,2022-05-03 19:50:39,4.75,115.0,78.06,95,89,2.06
484,Fortuna,US,2022-05-03 19:54:33,40.5982,-124.1573,61.86,65,0,12.66
485,Codrington,AU,2022-05-03 19:54:33,-38.2667,141.9667,54.07,78,97,9.1
486,Nome,US,2022-05-03 19:54:34,64.5011,-165.4064,28.17,57,0,5.75
487,Vanavara,RU,2022-05-03 19:54:34,60.34,102.2797,30.47,89,100,12.3
488,Yulara,AU,2022-05-03 19:54:35,-25.2406,130.9889,60.64,59,0,9.22
489,Kendari,ID,2022-05-03 19:54:35,-3.945,122.4989,75.09,95,52,3.04
490,Pittsburg,US,2022-05-03 19:54:36,38.028,-121.8847,79.41,24,8,3.0
491,Koslan,RU,2022-05-03 19:54:36,63.4564,48.8989,33.78,94,84,7.38
492,Sambava,MG,2022-05-03 19:54:37,-14.2667,50.1667,75.94,85,10,12.21
493,Klaksvik,FO,2022-05-03 19:54:38,62.2266,-6.589,47.32,97,100,19.1
494,Coos Bay,US,2022-05-03 19:54:38,43.3665,-124.2179,59.99,81,100,10.36
495,Wad Madani,SD,2022-05-03 19:54:39,14.4012,33.5199,97.56,20,17,2.98
496,Bouca,CF,2022-05-03 19:54:40,6.5105,18.2733,71.69,85,84,2.28
497,Fare,PF,2022-05-03 19:54:40,-16.7,-151.0167,81.64,75,62,11.23
498,Ishigaki,JP,2022-05-03 19:54:41,24.3448,124.1572,69.93,100,75,14.97
499,Taoudenni,ML,2022-05-03 19:54:41,22.6783,-3.9836,91.83,11,51,7.56
500,Portland,US,2022-05-03 19:53:38,45.5234,-122.6762,61.09,66,93,8.01
501,Nemuro,JP,2022-05-03 19:54:42,43.3236,145.575,42.19,86,89,18.1
502,Jiayuguan,CN,2022-05-03 19:54:43,39.8167,98.3,61.86,11,0,5.73
503,Verkhniy Avzyan,RU,2022-05-03 19:54:43,53.5289,57.5372,38.95,62,41,2.17
504,Leh,IN,2022-05-03 19:54:44,34.1667,77.5833,47.48,56,99,6.02
505,Santa Isabel,BR,2022-05-03 19:54:45,-23.3156,-46.2214,83.5,70,8,3.38
506,Rudnyy,KZ,2022-05-03 19:54:45,52.9594,63.1206,41.23,33,96,0.83
507,Meulaboh,ID,2022-05-03 19:55:46,4.1363,96.1285,76.17,89,100,4.41
508,Vila Do Maio,CV,2022-05-03 19:55:47,15.1333,-23.2167,77.79,84,4,15.46
509,Peterhead,GB,2022-05-03 19:55:48,57.5058,-1.7981,50.45,89,87,17.22
510,Millinocket,US,2022-05-03 19:55:48,45.6573,-68.7098,63.59,46,35,7.29
511,Zhanaozen,KZ,2022-05-03 19:55:49,43.3,52.8,58.44,38,94,9.95
512,Khasan,RU,2022-05-03 19:55:50,42.4308,130.6434,51.48,67,100,3.44
513,Biankouma,CI,2022-05-03 19:55:50,7.7391,-7.6138,73.24,86,45,3.04
514,Deputatskiy,RU,2022-05-03 19:55:51,69.3,139.9,21.51,93,100,3.8
515,Sebaste,PH,2022-05-03 19:55:51,11.5901,122.0945,77.13,86,93,7.61
516,Gat,IL,2022-05-03 19:53:03,31.61,34.7642,72.39,100,1,9.6
517,Sinnamary,GF,2022-05-03 19:55:52,5.3833,-52.95,77.68,90,100,9.22
518,Cascais,PT,2022-05-03 19:55:53,38.6979,-9.4215,66.06,65,20,25.01
519,Avera,US,2022-05-03 19:55:53,33.194,-82.5271,89.38,63,100,5.08
520,Nelson Bay,AU,2022-05-03 19:55:54,-32.7167,152.15,56.08,94,8,4.99
521,Kampot,KH,2022-05-03 19:55:55,10.6167,104.1833,78.85,92,99,7.34
522,Buraydah,SA,2022-05-03 19:55:56,26.326,43.975,82.85,15,1,11.92
523,Monroe,US,2022-05-03 19:55:56,43.1501,-77.6831,66.65,68,100,4.0
524,Minsk,BY,2022-05-03 19:55:57,53.9,27.5667,49.75,78,26,9.15
525,Hit,IQ,2022-05-03 19:55:58,33.6416,42.8251,82.63,26,56,10.13
526,Manado,ID,2022-05-03 19:55:58,1.487,124.8455,77.77,94,40,2.3
527,Worthington,US,2022-05-03 19:55:59,40.0931,-83.018,75.54,77,100,3.44
528,Maunabo,PR,2022-05-03 19:55:59,18.0072,-65.8993,88.65,75,9,13.56
529,Omboue,GA,2022-05-03 19:56:00,-1.5746,9.2618,78.33,90,91,6.49
530,Kirensk,RU,2022-05-03 19:56:01,57.7853,108.1119,31.68,90,13,9.46
531,Marakkanam,IN,2022-05-03 19:56:01,12.2,79.95,83.86,80,35,11.45
532,Buala,SB,2022-05-03 19:56:02,-8.145,159.5921,80.01,74,81,4.32
533,Tezu,IN,2022-05-03 19:56:03,27.9167,96.1667,70.38,75,100,1.54
534,Porto Novo,BJ,2022-05-03 19:56:03,6.4965,2.6036,84.02,74,88,7.43
535,Veraval,IN,2022-05-03 19:56:04,20.9,70.3667,81.39,85,0,8.46
536,Coquimbo,CL,2022-05-03 19:52:09,-29.9533,-71.3436,58.73,82,20,10.36
537,Mayumba,GA,2022-05-03 19:56:05,-3.432,10.6554,78.84,91,100,6.46
538,Mao,ES,2022-05-03 19:56:06,39.8885,4.2658,59.56,88,0,4.61
539,Havre-Saint-Pierre,CA,2022-05-03 19:56:06,50.2334,-63.5986,48.56,57,0,8.05
540,Vestmanna,FO,2022-05-03 19:56:07,62.1564,-7.1664,45.52,100,100,10.36
541,Konevo,RU,2022-05-03 19:56:08,62.1215,39.3192,33.06,91,79,7.96
542,Luzhou,CN,2022-05-03 19:56:08,28.8724,105.4405,64.11,72,100,2.19
543,Povoa De Lanhoso,PT,2022-05-03 19:56:09,41.5787,-8.282,62.42,69,20,4.85
544,Komsomolskiy,UZ,2022-05-03 19:56:10,40.4272,71.7189,72.32,53,100,2.3
545,Preston,GB,2022-05-03 19:56:10,53.7667,-2.7167,56.32,81,100,1.83
546,Neiafu,TO,2022-05-03 19:56:11,-18.65,-173.9833,77.68,83,40,4.61
547,Victor Harbor,AU,2022-05-03 19:56:12,-35.5667,138.6167,51.67,75,100,14.72
548,Revda,RU,2022-05-03 19:56:12,56.801,59.9303,39.11,69,4,6.24
549,Iranshahr,IR,2022-05-03 19:51:44,27.2025,60.6848,88.14,19,0,6.91
550,Birao,CF,2022-05-03 19:56:13,10.2849,22.7882,79.68,62,100,6.51
551,Pangody,RU,2022-05-03 19:56:14,65.85,74.4859,32.22,92,100,22.35
552,Rincon,US,2022-05-03 19:57:15,32.296,-81.2354,82.94,66,99,7.72
553,Florence,IT,2022-05-03 19:57:15,43.7667,11.25,63.1,76,0,4.61
554,La Asuncion,VE,2022-05-03 19:57:16,11.0333,-63.8628,74.93,83,39,24.16
555,Redmond,US,2022-05-03 19:55:02,47.674,-122.1215,56.34,77,100,1.99
556,Tanout,NE,2022-05-03 19:57:17,14.9709,8.8879,91.72,10,100,9.22
557,Srednekolymsk,RU,2022-05-03 19:57:17,67.45,153.6833,31.86,100,100,3.33
558,Karaman,TR,2022-05-03 19:57:18,37.0833,33.25,59.05,52,19,5.5
559,Bathsheba,BB,2022-05-03 19:57:19,13.2167,-59.5167,83.01,78,75,17.27
560,Emba,KZ,2022-05-03 19:57:19,48.8264,58.1442,54.82,41,100,10.58
561,Scarborough,GB,2022-05-03 19:53:44,54.2797,-0.4044,49.33,82,100,15.01
562,Maragogi,BR,2022-05-03 19:55:21,-9.0122,-35.2225,79.32,87,30,8.12
563,Dongsheng,CN,2022-05-03 19:57:21,39.8161,109.9776,58.14,20,94,18.86
564,Eureka,US,2022-05-03 19:55:41,40.8021,-124.1637,62.13,70,23,10.0
565,Almenara,BR,2022-05-03 19:57:22,-16.1836,-40.6944,80.15,49,31,4.41
566,Narnaund,IN,2022-05-03 19:57:23,29.2167,76.15,87.06,39,0,11.07
