City_ID,City,Country,Date,Lat,Lng,Max Temp,Humidity,Cloudiness,Wind Speed,Weather Description
0,Ushuaia,AR,2022-05-07 21:59:35,-54.8,-68.3,49.66,46,20,21.85,few clouds
1,Punta Arenas,CL,2022-05-07 21:59:36,-53.15,-70.9167,48.31,71,20,23.02,few clouds
2,Avarua,CK,2022-05-07 21:59:36,-21.2078,-159.775,80.53,74,100,5.3,overcast clouds
3,Hobart,AU,2022-05-07 21:58:07,-42.8794,147.3294,53.46,82,75,12.66,broken clouds
4,Lasa,IT,2022-05-07 21:59:37,46.6166,10.7002,50.36,95,100,2.75,overcast clouds
5,Aljezur,PT,2022-05-07 21:59:38,37.3191,-8.8033,59.4,81,14,6.55,few clouds
6,Albany,US,2022-05-07 21:59:38,42.6001,-73.9662,58.46,33,100,9.62,overcast clouds
7,Carnarvon,AU,2022-05-07 21:56:19,-24.8667,113.6333,62.67,82,75,5.75,broken clouds
8,Te Anau,NZ,2022-05-07 21:59:39,-45.4167,167.7167,57.0,96,100,2.24,overcast clouds
9,Saint-Philippe,RE,2022-05-07 21:53:11,-21.3585,55.7679,72.99,83,33,10.87,light rain
10,Puerto Ayora,EC,2022-05-07 21:50:13,-0.7393,-90.3518,80.56,80,33,9.4,scattered clouds
11,Georgetown,MY,2022-05-07 21:59:40,5.4112,100.3354,84.13,92,20,11.5,few clouds
12,Mbaiki,CF,2022-05-07 21:59:41,3.8678,17.9892,72.05,84,80,1.01,broken clouds
13,Foam Lake,CA,2022-05-07 21:59:41,51.65,-103.5343,51.82,87,99,20.38,overcast clouds
14,Arraial Do Cabo,BR,2022-05-07 21:50:27,-22.9661,-42.0278,73.36,78,40,9.22,scattered clouds
15,Upernavik,GL,2022-05-07 21:55:34,72.7868,-56.1549,14.61,82,11,6.31,few clouds
16,Barrow,US,2022-05-07 21:59:42,71.2906,-156.7887,23.34,89,100,7.27,overcast clouds
17,Rikitea,PF,2022-05-07 21:59:43,-23.1203,-134.9692,77.02,84,53,14.29,light rain
18,Cape Town,ZA,2022-05-07 21:59:44,-33.9258,18.4232,57.9,83,0,11.5,clear sky
19,Vaini,TO,2022-05-07 21:53:06,-21.2,-175.2,77.16,83,75,12.66,broken clouds
20,Mataura,NZ,2022-05-07 21:59:45,-46.1927,168.8643,57.47,99,100,2.35,light rain
21,Kruisfontein,ZA,2022-05-07 21:59:45,-34.0033,24.7314,55.89,79,100,5.17,overcast clouds
22,Hermanus,ZA,2022-05-07 21:54:11,-34.4187,19.2345,54.81,80,54,5.3,broken clouds
23,Ribeira Grande,PT,2022-05-07 21:59:46,38.5167,-28.7,61.83,64,39,2.51,scattered clouds
24,Brae,GB,2022-05-07 21:59:47,60.3964,-1.353,43.05,67,77,2.17,broken clouds
25,Dikson,RU,2022-05-07 21:56:14,73.5069,80.5464,6.08,96,100,9.37,overcast clouds
26,Verkhoturye,RU,2022-05-07 21:59:48,58.8627,60.8054,42.37,81,42,7.38,scattered clouds
27,Kaitangata,NZ,2022-05-07 21:55:44,-46.2817,169.8464,53.76,95,100,3.11,overcast clouds
28,Camopi,GF,2022-05-07 21:57:56,3.1655,-52.3158,74.17,99,88,2.95,overcast clouds
29,Nanortalik,GL,2022-05-07 21:59:49,60.1432,-45.2371,39.85,75,100,5.86,overcast clouds
30,Uyemskiy,RU,2022-05-07 21:59:50,64.4743,40.8524,53.65,58,40,6.71,scattered clouds
31,Glenwood Springs,US,2022-05-07 21:59:50,39.5505,-107.3248,79.72,32,75,17.27,broken clouds
32,Pevek,RU,2022-05-07 21:59:51,69.7008,170.3133,27.18,86,100,2.95,overcast clouds
33,Lancaster,US,2022-05-07 21:59:51,40.2504,-76.2499,46.44,92,100,5.99,light rain
34,Vila Franca Do Campo,PT,2022-05-07 21:59:52,37.7167,-25.4333,67.19,92,96,1.54,overcast clouds
35,Lagoa,PT,2022-05-07 21:59:53,39.05,-27.9833,60.58,72,48,4.45,scattered clouds
36,Nouadhibou,MR,2022-05-07 21:55:47,20.931,-17.0347,64.38,94,59,16.11,sand
37,Iqaluit,CA,2022-05-07 21:59:53,63.7506,-68.5145,29.93,50,100,8.05,overcast clouds
38,Nabire,ID,2022-05-07 21:59:54,-3.3667,135.4833,77.32,93,99,2.93,overcast clouds
39,Mahebourg,MU,2022-05-07 21:56:14,-20.4081,57.7,77.25,88,75,11.5,broken clouds
40,Bera,BD,2022-05-07 21:59:55,24.0833,89.6167,82.15,67,0,5.48,clear sky
41,Troitsko-Pechorsk,RU,2022-05-07 21:59:55,62.7084,56.1964,41.32,92,99,6.44,overcast clouds
42,Butaritari,KI,2022-05-07 21:48:24,3.0707,172.7902,81.66,78,99,15.55,light rain
43,Atuona,PF,2022-05-07 21:59:56,-9.8,-139.0333,78.49,76,15,15.61,few clouds
44,Bud,US,2022-05-07 21:59:57,39.447,-86.1758,67.86,49,63,13.31,broken clouds
45,Nome,US,2022-05-07 21:56:57,64.5011,-165.4064,32.16,94,100,15.01,light snow
46,Ilulissat,GL,2022-05-07 22:00:59,69.2167,-51.1,28.42,64,10,8.05,clear sky
47,Hokitika,NZ,2022-05-07 22:00:59,-42.7167,170.9667,57.67,86,100,8.37,light rain
48,Mehamn,NO,2022-05-07 22:01:00,71.0357,27.8492,35.87,98,99,25.7,light rain
49,Hilo,US,2022-05-07 21:59:04,19.7297,-155.09,89.28,92,100,3.0,overcast clouds
50,Khandbari,NP,2022-05-07 22:01:01,27.3747,87.2039,69.33,77,88,2.28,overcast clouds
51,Brownsville,US,2022-05-07 22:01:02,25.9018,-97.4975,93.09,69,0,8.01,clear sky
52,Haines Junction,CA,2022-05-07 21:58:16,60.7522,-137.5108,35.55,93,100,2.3,overcast clouds
53,Ostersund,SE,2022-05-07 21:57:51,63.1792,14.6357,33.62,86,75,11.5,broken clouds
54,Hasaki,JP,2022-05-07 21:56:31,35.7333,140.8333,64.8,65,72,23.6,broken clouds
55,Avera,US,2022-05-07 22:01:03,33.194,-82.5271,74.55,47,72,15.19,broken clouds
56,Asau,RO,2022-05-07 21:55:36,46.4333,26.4,50.92,78,73,2.57,broken clouds
57,Salym,RU,2022-05-07 22:01:04,60.0625,71.4789,32.99,98,100,5.68,light snow
58,New Norfolk,AU,2022-05-07 22:01:05,-42.7826,147.0587,53.1,73,95,2.75,overcast clouds
59,Port Elizabeth,ZA,2022-05-07 22:01:05,-33.918,25.5701,60.31,78,100,1.01,overcast clouds
60,Aitape,PG,2022-05-07 22:01:06,-3.1374,142.3475,80.53,85,69,4.88,broken clouds
61,Lixourion,GR,2022-05-07 22:01:07,38.2019,20.4314,62.42,73,100,3.49,overcast clouds
62,Port Arthur,CN,2022-05-07 22:01:07,38.8,121.2667,53.82,75,100,15.52,overcast clouds
63,Kapaa,US,2022-05-07 21:54:14,22.0752,-159.319,80.58,78,86,5.99,overcast clouds
64,Mvuma,ZW,2022-05-07 22:01:08,-19.2792,30.5283,62.04,58,92,3.76,overcast clouds
65,Padang,ID,2022-05-07 21:53:13,-0.9492,100.3543,77.77,82,100,3.2,light rain
66,Bluff,NZ,2022-05-07 22:01:09,-46.6,168.3333,57.79,98,100,6.02,light rain
67,Sao Joao Da Barra,BR,2022-05-07 22:01:10,-21.6403,-41.0511,71.35,85,0,12.57,clear sky
68,Flinders,AU,2022-05-07 21:53:14,-34.5833,150.8552,56.37,65,0,7.0,clear sky
69,Narsaq,GL,2022-05-07 21:57:37,60.9167,-46.05,42.96,62,100,8.46,overcast clouds
70,Tiverton,GB,2022-05-07 22:01:11,50.9,-3.4833,56.52,83,0,4.61,clear sky
71,Challapata,BO,2022-05-07 22:01:12,-18.9,-66.7667,53.76,33,21,2.66,few clouds
72,Adet,ET,2022-05-07 22:01:12,11.2644,37.4888,66.38,54,89,4.68,light rain
73,Yaan,NG,2022-05-07 22:01:13,7.3833,8.5667,79.59,78,100,7.67,light rain
74,Sur,OM,2022-05-07 21:58:24,22.5667,59.5289,84.22,59,0,11.48,clear sky
75,Kano,NG,2022-05-07 21:59:54,12.0001,8.5167,91.58,27,98,7.7,overcast clouds
76,Fort Saint James,CA,2022-05-07 22:01:14,54.4333,-124.25,50.05,42,100,5.77,overcast clouds
77,Yenagoa,NG,2022-05-07 22:01:14,4.9247,6.2642,77.83,94,98,3.96,overcast clouds
78,Egvekinot,RU,2022-05-07 22:01:15,66.3167,-179.1667,24.35,96,100,5.93,overcast clouds
79,Victoria,HK,2022-05-07 22:00:49,22.2855,114.1577,76.32,76,100,8.01,overcast clouds
80,Saint-Francois,FR,2022-05-07 22:01:16,46.4154,3.9054,53.04,76,0,1.14,clear sky
81,Nyeri,KE,2022-05-07 22:01:17,-0.4201,36.9476,58.05,97,79,2.64,broken clouds
82,Chuy,UY,2022-05-07 22:01:17,-33.6971,-53.4616,59.34,81,30,3.4,scattered clouds
83,Clyde River,CA,2022-05-07 21:53:04,70.4692,-68.5914,19.63,93,75,2.3,broken clouds
84,Ancud,CL,2022-05-07 21:52:58,-41.8697,-73.8203,56.53,88,100,16.91,overcast clouds
85,Barcelos,PT,2022-05-07 22:01:19,41.5388,-8.6151,67.84,71,79,2.62,broken clouds
86,Tilichiki,RU,2022-05-07 22:01:19,60.4667,166.1,31.48,99,100,5.88,light snow
87,Busselton,AU,2022-05-07 22:01:20,-33.65,115.3333,60.46,64,82,3.27,broken clouds
88,Namibe,AO,2022-05-07 22:01:21,-15.1961,12.1522,72.7,70,1,3.06,clear sky
89,Nishihara,JP,2022-05-07 22:02:21,26.1842,127.7558,75.25,97,100,10.36,overcast clouds
90,Cayenne,GF,2022-05-07 21:57:27,4.9333,-52.3333,82.09,1,75,6.91,broken clouds
91,Uttarkashi,IN,2022-05-07 22:02:23,30.7333,78.45,65.08,37,4,7.02,clear sky
92,Minot,US,2022-05-07 21:58:08,48.2325,-101.2963,71.8,59,100,26.28,overcast clouds
93,San Patricio,US,2022-05-07 22:02:23,28.017,-97.5169,101.17,47,0,16.91,clear sky
94,Lieksa,FI,2022-05-07 22:02:24,63.3167,30.0167,34.2,96,87,7.63,overcast clouds
95,Talnakh,RU,2022-05-07 22:02:24,69.4865,88.3972,11.21,83,4,12.64,clear sky
96,Labuhan,ID,2022-05-07 22:02:25,-6.8844,112.2051,78.33,88,65,5.79,broken clouds
97,Inhambane,MZ,2022-05-07 21:57:29,-23.865,35.3833,70.88,82,0,5.66,clear sky
98,Castro,BR,2022-05-07 22:02:26,-24.7911,-50.0119,53.74,73,63,3.67,broken clouds
99,Saint-Leu,RE,2022-05-07 22:02:27,-21.15,55.2833,72.46,70,14,5.23,few clouds
100,Nikolskoye,RU,2022-05-07 22:02:27,59.7035,30.7861,53.49,94,100,6.51,light rain
101,Chisec,GT,2022-05-07 22:02:28,15.8167,-90.2833,94.41,46,57,3.89,broken clouds
102,Kaberamaido,UG,2022-05-07 22:02:29,1.7389,33.1594,68.56,86,53,3.78,broken clouds
103,Kysyl-Syr,RU,2022-05-07 22:02:29,63.8986,122.7617,35.4,97,100,7.65,overcast clouds
104,Chokurdakh,RU,2022-05-07 21:56:58,70.6333,147.9167,16.57,93,99,11.79,light snow
105,Coro,VE,2022-05-07 22:02:30,11.4045,-69.6734,82.35,78,100,16.71,overcast clouds
106,Jamestown,US,2022-05-07 22:02:31,42.097,-79.2353,63.52,35,0,13.8,clear sky
107,Yanggu,CN,2022-05-07 22:02:31,36.1106,115.7753,57.31,35,100,2.75,overcast clouds
108,Beringovskiy,RU,2022-05-07 22:02:32,63.05,179.3167,34.09,87,100,8.43,overcast clouds
109,Provideniya,RU,2022-05-07 21:55:45,64.3833,-173.3,33.53,87,100,7.11,overcast clouds
110,Husavik,IS,2022-05-07 21:53:01,66.0449,-17.3389,39.49,73,100,1.63,overcast clouds
111,Wakkanai,JP,2022-05-07 22:02:33,45.4094,141.6739,40.03,86,100,22.39,moderate rain
112,Chokwe,MZ,2022-05-07 22:02:33,-24.5333,32.9833,67.5,71,0,5.73,clear sky
113,Puerto Colombia,CO,2022-05-07 22:02:34,10.9878,-74.9547,81.79,79,47,13.91,scattered clouds
114,Manggar,ID,2022-05-07 22:02:35,-2.8833,108.2667,80.69,82,95,5.14,overcast clouds
115,Bella Vista,US,2022-05-07 22:02:35,36.4295,-94.2316,82.47,45,0,9.22,clear sky
116,Port Alfred,ZA,2022-05-07 21:56:57,-33.5906,26.891,64.18,76,100,3.0,overcast clouds
117,Bengkulu,ID,2022-05-07 22:02:36,-3.8004,102.2655,77.45,82,100,3.53,overcast clouds
118,Varhaug,NO,2022-05-07 22:02:37,58.6147,5.6457,41.49,62,98,25.46,overcast clouds
119,Harindanga,IN,2022-05-07 22:02:38,22.0383,88.3214,81.39,78,0,4.54,clear sky
120,Tabou,CI,2022-05-07 22:02:38,4.423,-7.3528,81.46,81,100,7.81,overcast clouds
121,Tha Mai,TH,2022-05-07 22:02:39,12.6214,102.0048,81.07,89,100,5.23,overcast clouds
122,Lulea,SE,2022-05-07 22:02:39,65.5842,22.1547,39.27,56,100,13.8,overcast clouds
123,Prado,BR,2022-05-07 22:02:40,-17.3411,-39.2208,73.98,91,68,10.78,light rain
124,Les Herbiers,FR,2022-05-07 22:02:41,46.8667,-1.0167,55.11,94,5,7.02,clear sky
125,Mercedes,AR,2022-05-07 22:02:41,-34.6515,-59.4307,66.78,64,34,7.87,scattered clouds
126,Banjarmasin,ID,2022-05-07 21:53:05,-3.3244,114.591,77.14,97,35,3.09,scattered clouds
127,Paramonga,PE,2022-05-07 22:02:42,-10.6667,-77.8333,67.95,81,25,8.81,scattered clouds
128,College,US,2022-05-07 22:02:42,64.8569,-147.8028,54.0,69,88,1.99,overcast clouds
129,Nuuk,GL,2022-05-07 22:02:43,64.1835,-51.7216,34.41,80,0,10.36,clear sky
130,Torbay,CA,2022-05-07 22:02:44,47.6666,-52.7314,41.29,75,99,3.0,overcast clouds
131,Tiznit,MA,2022-05-07 22:02:44,29.5833,-9.5,76.71,20,71,2.37,broken clouds
132,Boyabat,TR,2022-05-07 22:02:45,41.4689,34.7667,48.34,86,100,4.41,overcast clouds
133,Codrington,AU,2022-05-07 21:58:41,-38.2667,141.9667,54.23,81,84,8.57,broken clouds
134,Longyearbyen,SJ,2022-05-07 22:03:46,78.2186,15.6401,12.04,57,20,14.97,few clouds
135,Sarangani,PH,2022-05-07 22:03:46,5.4033,125.4636,83.14,79,99,18.84,overcast clouds
136,Vilyuysk,RU,2022-05-07 22:03:47,63.7553,121.6247,36.05,90,100,7.16,overcast clouds
137,Yar-Sale,RU,2022-05-07 22:03:47,66.8333,70.8333,15.51,94,11,9.08,few clouds
138,Suez,EG,2022-05-07 22:03:48,29.9737,32.5263,67.26,37,52,7.85,broken clouds
139,Abu Samrah,SY,2022-05-07 21:55:35,35.3029,37.1841,55.78,70,10,9.82,clear sky
140,Marsa Matruh,EG,2022-05-07 22:03:49,31.3525,27.2453,65.1,70,100,8.12,overcast clouds
141,Mar Del Plata,AR,2022-05-07 22:03:50,-38.0023,-57.5575,66.94,70,35,9.51,scattered clouds
142,Yellowknife,CA,2022-05-07 22:03:50,62.456,-114.3525,37.56,93,100,25.01,overcast clouds
143,Canico,PT,2022-05-07 22:03:51,32.6333,-16.85,63.23,67,20,24.16,few clouds
144,Tasiilaq,GL,2022-05-07 22:03:51,65.6145,-37.6368,30.36,76,99,5.86,overcast clouds
145,Isla Vista,US,2022-05-07 22:03:52,34.4133,-119.861,77.77,57,0,10.36,haze
146,Severo-Kurilsk,RU,2022-05-07 21:55:36,50.6789,156.125,43.43,86,100,4.03,overcast clouds
147,Pontes E Lacerda,BR,2022-05-07 22:03:53,-15.2261,-59.3353,71.98,61,0,3.96,clear sky
148,Marsabit,KE,2022-05-07 22:03:53,2.3284,37.9899,67.28,76,100,14.38,overcast clouds
149,Fortuna,US,2022-05-07 22:03:54,40.5982,-124.1573,55.92,78,100,11.5,overcast clouds
150,Norman Wells,CA,2022-05-07 22:03:55,65.282,-126.8329,44.87,58,100,2.35,overcast clouds
151,Lebu,CL,2022-05-07 22:03:55,-37.6167,-73.65,54.55,87,6,5.48,clear sky
152,Ullapool,GB,2022-05-07 22:03:56,57.8987,-5.1604,50.34,74,97,3.85,overcast clouds
153,Paita,PE,2022-05-07 21:59:41,-5.0892,-81.1144,71.29,75,4,18.32,clear sky
154,Lompoc,US,2022-05-07 22:01:44,34.6391,-120.4579,77.56,64,3,10.0,clear sky
155,Ponta Do Sol,PT,2022-05-07 21:54:14,32.6667,-17.1,63.23,73,45,7.2,scattered clouds
156,Cap Malheureux,MU,2022-05-07 21:54:15,-19.9842,57.6142,77.47,74,6,5.01,clear sky
157,Maridi,SS,2022-05-07 22:03:58,4.9158,29.4742,67.96,90,89,0.38,light rain
158,Pangoa,PE,2022-05-07 22:03:58,-12.1167,-73.0,75.06,77,82,0.81,broken clouds
159,Sao Jose Da Coroa Grande,BR,2022-05-07 21:54:27,-8.8978,-35.1478,77.67,81,73,5.39,broken clouds
160,Wewak,PG,2022-05-07 22:03:59,-3.5534,143.6268,79.83,90,57,5.88,broken clouds
161,Tagudin,PH,2022-05-07 22:04:00,16.9355,120.4442,80.8,71,100,3.62,overcast clouds
162,Pavlodar,KZ,2022-05-07 22:04:00,52.3,76.95,30.0,64,0,2.24,clear sky
163,Aklavik,CA,2022-05-07 22:04:01,68.2191,-135.0107,35.31,76,82,8.99,broken clouds
164,Tiksi,RU,2022-05-07 22:04:01,71.6872,128.8694,10.42,92,15,5.93,few clouds
165,Isangel,VU,2022-05-07 21:55:46,-19.55,169.2667,77.11,69,7,5.75,clear sky
166,Mackay,AU,2022-05-07 22:04:02,-21.15,149.2,71.69,84,100,15.64,overcast clouds
167,Port Lavaca,US,2022-05-07 22:04:03,28.615,-96.6261,96.31,70,40,16.11,scattered clouds
168,Hay River,CA,2022-05-07 21:59:12,60.8156,-115.7999,35.58,93,100,16.11,light rain
169,Ahipara,NZ,2022-05-07 22:04:04,-35.1667,173.1667,64.04,69,34,2.48,scattered clouds
170,Aksaray,TR,2022-05-07 22:04:04,38.3726,34.0254,45.19,81,34,4.18,scattered clouds
171,Omsukchan,RU,2022-05-07 22:04:05,62.5333,155.8,26.85,89,100,4.56,light snow
172,Esperance,AU,2022-05-07 22:04:06,-33.8667,121.9,56.97,48,98,18.05,overcast clouds
173,Urengoy,RU,2022-05-07 22:04:06,65.9667,78.3667,-1.05,99,8,4.74,clear sky
174,Santa Isabel,BR,2022-05-07 22:04:07,-23.3156,-46.2214,57.97,92,89,4.29,overcast clouds
175,Peniche,PT,2022-05-07 21:55:54,39.3558,-9.3811,60.12,83,100,9.4,overcast clouds
176,Ayan,RU,2022-05-07 22:04:08,56.45,138.1667,37.69,78,3,8.99,clear sky
177,Saint-Georges,GD,2022-05-07 22:04:09,12.0564,-61.7485,79.77,76,97,10.63,overcast clouds
178,Watsa,CD,2022-05-07 22:04:09,3.0372,29.5355,63.5,96,81,2.68,broken clouds
179,Kansanshi,ZM,2022-05-07 22:05:10,-12.0951,26.4273,61.75,80,57,3.74,broken clouds
180,Gat,IL,2022-05-07 22:05:11,31.61,34.7642,63.39,71,52,4.07,broken clouds
181,Caravelas,BR,2022-05-07 22:05:11,-17.7125,-39.2481,74.19,89,94,11.1,overcast clouds
182,Kodiak,US,2022-05-07 22:05:12,57.79,-152.4072,56.71,38,0,17.27,clear sky
183,Terney,RU,2022-05-07 22:05:12,45.0503,136.6092,44.87,63,51,9.06,broken clouds
184,Kaohsiung,TW,2022-05-07 22:05:13,22.6163,120.3133,79.03,88,100,6.89,overcast clouds
185,Sabzevar,IR,2022-05-07 22:05:14,36.2126,57.6819,75.07,35,100,2.59,overcast clouds
186,Leningradskiy,RU,2022-05-07 22:05:14,69.3833,178.4167,26.24,85,56,2.15,broken clouds
187,Qaanaaq,GL,2022-05-07 22:05:15,77.484,-69.3632,17.65,82,100,3.27,overcast clouds
188,Pangnirtung,CA,2022-05-07 22:05:15,66.1451,-65.7125,22.86,83,99,1.88,overcast clouds
189,Andra,RU,2022-05-07 22:05:16,62.5147,65.8878,35.29,97,100,3.04,overcast clouds
190,Khatanga,RU,2022-05-07 22:05:17,71.9667,102.5,-1.21,100,98,6.89,overcast clouds
191,Klaksvik,FO,2022-05-07 22:05:18,62.2266,-6.589,45.52,79,99,10.42,overcast clouds
192,Ballitoville,ZA,2022-05-07 22:05:18,-29.539,31.2144,69.24,82,66,4.99,broken clouds
193,Hargeysa,SO,2022-05-07 22:00:20,9.56,44.065,72.72,67,28,5.39,scattered clouds
194,Adrar,MR,2022-05-07 22:05:19,20.5022,-10.0711,93.18,12,76,10.49,broken clouds
195,Lavrentiya,RU,2022-05-07 22:05:20,65.5833,-171.0,31.55,87,80,7.16,broken clouds
196,Ketchikan,US,2022-05-07 22:05:20,55.3422,-131.6461,52.27,46,40,10.36,scattered clouds
197,Namatanai,PG,2022-05-07 22:05:21,-3.6667,152.4333,82.65,77,50,9.35,light rain
198,Great Falls,US,2022-05-07 22:02:15,47.5002,-111.3008,58.66,35,20,26.46,few clouds
199,Upington,ZA,2022-05-07 22:05:22,-28.4478,21.2561,53.6,56,3,11.27,clear sky
200,Airai,TL,2022-05-07 22:05:22,-8.9266,125.4092,60.06,95,57,4.85,broken clouds
201,Kavieng,PG,2022-05-07 21:55:44,-2.5744,150.7967,84.11,71,59,17.45,broken clouds
202,Sitka,US,2022-05-07 22:05:23,57.0531,-135.33,49.89,57,40,9.22,scattered clouds
203,Russell,US,2022-05-07 22:05:24,32.3502,-85.1999,78.4,46,20,11.5,few clouds
204,Vao,NC,2022-05-07 22:05:24,-22.6667,167.4833,73.45,62,68,19.17,broken clouds
205,Novyy Urengoy,RU,2022-05-07 22:05:25,66.0833,76.6333,1.69,98,58,6.11,broken clouds
206,Planaltina,BR,2022-05-07 22:00:32,-15.4528,-47.6142,72.5,62,99,4.09,overcast clouds
207,Kaluga,RU,2022-05-07 22:05:26,54.5,35.5,44.67,88,90,7.61,overcast clouds
208,Korcula,HR,2022-05-07 22:05:27,42.9622,17.1369,62.53,75,67,9.53,broken clouds
209,Lekoni,GA,2022-05-07 22:05:27,-1.5843,14.2591,71.42,93,98,1.92,overcast clouds
210,Bredasdorp,ZA,2022-05-07 22:05:28,-34.5322,20.0403,54.75,89,38,1.16,scattered clouds
211,Mujiayingzi,CN,2022-05-07 22:05:28,42.1167,118.7833,44.49,50,100,5.84,overcast clouds
212,Mokhsogollokh,RU,2022-05-07 22:05:29,61.4681,128.9203,39.38,88,100,3.76,overcast clouds
213,Salalah,OM,2022-05-07 22:02:23,17.0151,54.0924,79.39,83,13,6.38,few clouds
214,Cockburn Town,TC,2022-05-07 22:05:30,21.4612,-71.1419,80.56,69,40,6.91,scattered clouds
215,Dingle,PH,2022-05-07 22:05:31,10.9995,122.6711,78.12,87,21,8.55,few clouds
216,Thompson,CA,2022-05-07 21:55:43,55.7435,-97.8558,68.16,42,75,10.36,broken clouds
217,Sidney,AU,2022-05-07 22:05:32,-33.8679,151.2073,54.7,65,20,11.01,few clouds
218,Tigil,RU,2022-05-07 22:05:32,57.8,158.6667,34.16,79,100,21.83,overcast clouds
219,Linqiong,CN,2022-05-07 22:05:33,30.4159,103.4609,72.73,64,32,4.09,scattered clouds
220,Atar,MR,2022-05-07 22:05:34,20.5169,-13.0499,90.93,11,6,6.55,clear sky
221,Agadir,MA,2022-05-07 22:05:34,30.4202,-9.5982,75.65,35,58,4.94,broken clouds
222,Krasnyye Baki,RU,2022-05-07 22:05:35,57.131,45.1599,43.43,75,34,7.14,scattered clouds
223,Vardo,NO,2022-05-07 22:05:35,70.3705,31.1107,35.76,75,40,27.29,scattered clouds
224,Lata,PT,2022-05-07 22:06:36,40.1629,-8.3327,63.07,65,100,0.65,overcast clouds
225,Nioro,GM,2022-05-07 22:06:37,13.35,-15.75,85.64,35,7,7.67,clear sky
226,King City,US,2022-05-07 22:06:37,36.2127,-121.126,73.9,32,30,20.09,scattered clouds
227,La Palma,US,2022-05-07 22:06:38,33.8464,-118.0467,84.49,65,20,10.0,few clouds
228,Ca Mau,VN,2022-05-07 22:06:38,9.1769,105.15,79.39,86,78,5.77,broken clouds
229,Rundu,NA,2022-05-07 22:06:39,-17.9333,19.7667,65.41,36,62,0.29,broken clouds
230,Baghdad,IQ,2022-05-07 22:06:39,33.3406,44.4009,64.31,42,0,3.44,clear sky
231,Tazovskiy,RU,2022-05-07 22:06:40,67.4667,78.7,-4.29,100,47,5.79,scattered clouds
232,San Policarpo,PH,2022-05-07 22:06:40,12.1791,125.5072,81.25,82,53,12.73,broken clouds
233,Axim,GH,2022-05-07 22:06:41,4.8699,-2.2405,81.45,81,90,6.89,overcast clouds
234,Sumenep,ID,2022-05-07 22:06:42,-7.0167,113.8667,80.96,84,86,6.42,overcast clouds
235,Taoudenni,ML,2022-05-07 22:06:42,22.6783,-3.9836,87.85,10,0,11.65,clear sky
236,Hanstholm,DK,2022-05-07 22:06:43,57.1167,8.6167,44.62,71,15,22.91,few clouds
237,Port Blair,IN,2022-05-07 22:06:43,11.6667,92.75,84.24,79,75,12.66,mist
238,Vila Velha,BR,2022-05-07 22:06:43,-20.3297,-40.2925,75.15,83,75,10.36,broken clouds
239,Tessalit,ML,2022-05-07 22:02:16,20.1986,1.0114,85.82,12,44,13.78,scattered clouds
240,Sesvete,HR,2022-05-07 22:06:44,45.8311,16.1164,59.67,84,0,3.44,clear sky
241,Lubao,PH,2022-05-07 22:06:45,14.9167,120.55,82.47,81,99,5.1,overcast clouds
242,Mogadishu,SO,2022-05-07 22:06:46,2.0371,45.3438,81.99,81,75,15.9,broken clouds
243,Ambanja,MG,2022-05-07 22:06:46,-13.6833,48.45,74.5,87,9,3.42,clear sky
244,Voyvozh,RU,2022-05-07 22:06:47,62.892,54.9635,41.23,90,94,6.85,overcast clouds
245,Trelew,AR,2022-05-07 22:06:47,-43.249,-65.3051,74.17,31,39,6.02,scattered clouds
246,Talcahuano,CL,2022-05-07 22:06:48,-36.7167,-73.1167,55.08,94,0,9.22,clear sky
247,East London,ZA,2022-05-07 22:06:49,-33.0153,27.9116,62.53,90,100,14.9,heavy intensity rain
248,Korla,CN,2022-05-07 22:06:49,41.7597,86.1469,71.83,40,71,12.88,broken clouds
249,Santiago Del Estero,AR,2022-05-07 22:06:50,-27.7951,-64.2615,74.23,47,98,6.71,overcast clouds
250,Kieta,PG,2022-05-07 22:06:51,-6.2167,155.6333,82.94,75,52,2.66,broken clouds
251,Adre,TD,2022-05-07 22:06:51,13.4667,22.2,83.01,15,99,3.44,overcast clouds
252,Juliaca,PE,2022-05-07 22:06:52,-15.5,-70.1333,50.07,53,43,8.59,scattered clouds
253,Puro,PH,2022-05-07 22:06:52,12.4841,123.3827,80.82,83,13,10.89,few clouds
254,Roald,NO,2022-05-07 22:06:53,62.5833,6.1333,41.9,81,75,12.66,broken clouds
255,Usmajac,MX,2022-05-07 22:06:54,19.8667,-103.5667,95.56,16,48,5.21,scattered clouds
256,Emerald,AU,2022-05-07 22:03:07,-23.5333,148.1667,57.34,64,70,17.69,broken clouds
257,Marsh Harbour,BS,2022-05-07 22:05:43,26.5412,-77.0636,81.09,65,26,15.43,scattered clouds
258,Perbaungan,ID,2022-05-07 22:06:55,3.5679,98.956,76.57,85,100,4.23,light rain
259,Sinnamary,GF,2022-05-07 22:06:56,5.3833,-52.95,78.15,87,69,9.31,broken clouds
260,Saskylakh,RU,2022-05-07 22:06:56,71.9167,114.0833,5.77,94,18,9.35,few clouds
261,Fare,PF,2022-05-07 22:06:57,-16.7,-151.0167,81.36,74,6,5.82,clear sky
262,Faanui,PF,2022-05-07 22:06:57,-16.4833,-151.75,81.39,75,6,6.62,light rain
263,Samarai,PG,2022-05-07 22:05:10,-10.6167,150.6667,83.53,78,41,13.58,scattered clouds
264,Lancut,PL,2022-05-07 22:01:58,50.0687,22.2291,51.55,85,0,1.14,clear sky
265,Saint George,US,2022-05-07 22:06:58,37.1041,-113.5841,91.63,14,0,18.41,clear sky
266,Ghanzi,BW,2022-05-07 22:06:59,-21.5667,21.7833,65.43,28,45,9.46,scattered clouds
267,Batang Berjuntai,MY,2022-05-07 22:07:00,3.3833,101.4167,76.69,93,100,5.08,light rain
268,Tuktoyaktuk,CA,2022-05-07 22:07:00,69.4541,-133.0374,32.31,89,99,8.84,overcast clouds
269,Port Hueneme,US,2022-05-07 22:07:01,34.1478,-119.1951,82.78,67,0,13.8,haze
270,Verkhoyansk,RU,2022-05-07 22:07:01,67.5447,133.385,18.93,78,93,3.47,overcast clouds
271,Banjar,ID,2022-05-07 22:08:02,-8.19,114.9675,77.9,91,68,3.62,broken clouds
272,Polson,US,2022-05-07 22:05:42,47.6936,-114.1632,51.22,72,95,5.01,overcast clouds
273,Abu Kamal,SY,2022-05-07 22:08:03,34.4506,40.9171,66.13,37,3,7.56,clear sky
274,Saldanha,ZA,2022-05-07 22:08:04,-33.0117,17.9442,57.61,78,0,16.53,clear sky
275,Vanimo,PG,2022-05-07 22:08:04,-2.6741,141.3028,80.56,85,79,5.93,broken clouds
276,Ornskoldsvik,SE,2022-05-07 22:08:05,63.2909,18.7153,38.35,60,5,12.66,clear sky
277,Tsumeb,NA,2022-05-07 22:08:06,-19.2333,17.7167,63.45,36,0,6.93,clear sky
278,The Valley,AI,2022-05-07 22:08:06,18.217,-63.0578,80.1,76,15,15.84,few clouds
279,Grand-Lahou,CI,2022-05-07 22:08:07,5.1367,-5.0242,81.07,81,92,7.11,overcast clouds
280,Moron,AR,2022-05-07 22:08:08,-34.6534,-58.6198,69.69,77,91,5.23,overcast clouds
281,Cidreira,BR,2022-05-07 22:08:08,-30.1811,-50.2056,63.07,74,0,7.45,clear sky
282,Rio De Janeiro,BR,2022-05-07 22:07:45,-22.9028,-43.2075,75.16,71,75,5.75,broken clouds
283,Waverley,ZA,2022-05-07 22:08:09,-25.7023,28.2591,61.54,48,6,2.89,clear sky
284,North Bend,US,2022-05-07 22:08:10,43.4065,-124.2243,56.16,78,75,13.8,broken clouds
285,Valparai,IN,2022-05-07 22:08:10,10.3667,76.9667,66.47,79,100,2.17,overcast clouds
286,Nemuro,JP,2022-05-07 22:08:11,43.3236,145.575,43.09,95,100,21.36,moderate rain
287,Hammerfest,NO,2022-05-07 22:08:11,70.6634,23.6821,34.25,100,100,12.66,overcast clouds
288,Humaita,BR,2022-05-07 22:08:12,-7.5061,-63.0208,76.01,95,91,2.51,overcast clouds
289,Sambava,MG,2022-05-07 22:08:13,-14.2667,50.1667,75.07,86,17,7.25,light rain
290,Minggang,CN,2022-05-07 22:08:13,32.4586,114.0486,58.26,77,18,9.01,few clouds
291,Road Town,VG,2022-05-07 22:08:14,18.4167,-64.6167,80.69,74,40,10.36,scattered clouds
292,Rudbar,AF,2022-05-07 22:08:14,30.15,62.6,86.67,13,40,3.56,scattered clouds
293,Neiafu,TO,2022-05-07 22:08:15,-18.65,-173.9833,77.68,94,75,4.61,light rain
294,Cherskiy,RU,2022-05-07 22:08:16,68.75,161.3,30.25,96,100,6.35,overcast clouds
295,Tautira,PF,2022-05-07 22:08:16,-17.7333,-149.15,80.62,76,6,0.83,clear sky
296,Petrozavodsk,RU,2022-05-07 22:06:52,61.7849,34.3469,47.86,84,41,10.33,scattered clouds
297,Qaqortoq,GL,2022-05-07 22:08:17,60.7167,-46.0333,43.03,62,100,7.83,overcast clouds
298,Geraldton,AU,2022-05-07 22:05:58,-28.7667,114.6,55.81,82,10,6.91,clear sky
299,Port Lincoln,AU,2022-05-07 22:08:18,-34.7333,135.8667,55.51,80,1,3.15,clear sky
300,Anloga,GH,2022-05-07 22:08:19,5.7947,0.8973,82.09,79,42,9.53,scattered clouds
301,Mountain Home,US,2022-05-07 22:08:19,43.133,-115.6912,51.28,54,75,11.5,broken clouds
302,Springfield,US,2022-05-07 22:03:30,37.2153,-93.2982,76.53,50,0,9.22,clear sky
303,Dudinka,RU,2022-05-07 22:08:20,69.4058,86.1778,11.62,96,79,11.41,broken clouds
304,Sabang,ID,2022-05-07 22:08:20,5.8933,95.3214,81.45,78,100,7.29,heavy intensity rain
305,Sistranda,NO,2022-05-07 22:08:21,63.7256,8.834,37.36,89,100,24.72,overcast clouds
306,Puerto Varas,CL,2022-05-07 22:06:11,-41.3195,-72.9854,61.02,77,100,14.97,overcast clouds
307,Monroe,US,2022-05-07 22:08:23,43.1501,-77.6831,57.49,41,75,12.66,broken clouds
308,Doha,QA,2022-05-07 22:05:07,25.2867,51.5333,85.98,62,90,19.57,overcast clouds
309,Nalut,LY,2022-05-07 22:08:23,30.3333,10.85,66.25,29,1,12.59,clear sky
310,Sakhon Nakhon,TH,2022-05-07 22:08:24,17.1612,104.1472,75.24,94,100,4.5,light rain
311,Sapa,PH,2022-05-07 22:08:24,5.1544,120.3241,81.41,82,100,6.46,overcast clouds
312,Beloha,MG,2022-05-07 22:08:25,-25.1667,45.05,68.85,85,43,3.02,light rain
313,Fairbanks,US,2022-05-07 22:08:23,64.8378,-147.7164,54.01,65,40,9.22,scattered clouds
314,Sulangan,PH,2022-05-07 22:08:26,11.1373,123.7228,82.56,79,30,13.87,scattered clouds
315,Pochutla,MX,2022-05-07 22:08:27,15.7432,-96.4661,91.22,46,86,7.94,overcast clouds
316,Pokosnoye,RU,2022-05-07 22:08:27,55.5258,101.0536,43.79,49,100,9.84,overcast clouds
317,Soyo,AO,2022-05-07 22:08:28,-6.1349,12.3689,78.4,86,35,2.73,scattered clouds
318,Chara,RU,2022-05-07 22:09:28,56.9064,118.2631,39.83,46,93,0.94,overcast clouds
319,Souillac,MU,2022-05-07 22:09:29,-20.5167,57.5167,75.09,81,20,12.97,few clouds
320,Celestun,MX,2022-05-07 22:09:30,20.8667,-90.4,85.8,70,0,12.19,clear sky
321,Sibolga,ID,2022-05-07 22:07:01,1.7427,98.7792,75.7,89,100,3.06,overcast clouds
322,Huarmey,PE,2022-05-07 22:09:31,-10.0681,-78.1522,69.64,78,12,10.74,few clouds
323,Melur,IN,2022-05-07 22:09:31,10.05,78.3333,84.2,58,100,2.8,overcast clouds
324,Udachnyy,RU,2022-05-07 22:09:32,66.4167,112.4,28.45,86,100,15.14,overcast clouds
325,Comodoro Rivadavia,AR,2022-05-07 22:09:32,-45.8667,-67.5,67.86,49,0,6.91,clear sky
326,Cumberland,US,2022-05-07 22:09:33,35.0502,-78.8664,68.22,83,75,12.66,broken clouds
327,Ngunguru,NZ,2022-05-07 22:09:34,-35.6167,174.5,62.15,67,34,0.83,scattered clouds
328,Tondon,GN,2022-05-07 22:09:34,10.3667,-13.35,78.66,80,47,3.2,scattered clouds
329,Muros,ES,2022-05-07 22:09:35,42.7762,-9.0603,61.16,73,99,4.21,overcast clouds
330,Castelo Branco,PT,2022-05-07 22:09:35,39.8222,-7.4909,60.96,40,100,3.56,overcast clouds
331,Conde,BR,2022-05-07 22:09:36,-7.2597,-34.9075,76.46,94,20,3.44,few clouds
332,Coquimbo,CL,2022-05-07 22:09:37,-29.9533,-71.3436,58.73,77,100,5.75,overcast clouds
333,Holme,DK,2022-05-07 22:09:37,56.1138,10.1725,42.37,82,7,14.25,clear sky
334,Brigham City,US,2022-05-07 22:09:38,41.5102,-112.0155,63.64,28,0,8.99,clear sky
335,Qasigiannguit,GL,2022-05-07 22:06:19,68.8193,-51.1922,28.65,84,10,3.6,clear sky
336,Werda,BW,2022-05-07 22:09:38,-25.2667,23.2833,63.09,42,65,13.13,broken clouds
337,Sobolevo,RU,2022-05-07 22:09:39,54.4299,31.8996,48.38,88,97,9.75,overcast clouds
338,Los Llanos De Aridane,ES,2022-05-07 22:09:40,28.6585,-17.9182,64.15,81,20,10.36,few clouds
339,Toora-Khem,RU,2022-05-07 22:09:40,52.4675,96.11,38.43,78,98,9.24,overcast clouds
340,Yabrud,SY,2022-05-07 22:09:41,33.9674,36.6574,47.1,61,0,0.4,clear sky
341,Makakilo City,US,2022-05-07 22:09:42,21.3469,-158.0858,79.12,61,100,16.11,light rain
342,Akyab,MM,2022-05-07 22:09:42,20.15,92.9,81.77,77,78,7.87,broken clouds
343,Karatau,KZ,2022-05-07 22:09:43,43.1667,70.4667,63.82,45,83,1.77,broken clouds
344,Quatre Cocos,MU,2022-05-07 22:09:44,-20.2078,57.7625,76.08,78,29,14.7,scattered clouds
345,Grindavik,IS,2022-05-07 22:09:44,63.8424,-22.4338,45.07,93,75,21.85,light intensity drizzle rain
346,Komsomolskiy,UZ,2022-05-07 22:09:45,40.4272,71.7189,66.92,59,0,6.91,clear sky
347,Yagodnoye,RU,2022-05-07 22:09:45,62.55,149.6667,30.06,93,100,2.95,light snow
348,Pozo Colorado,PY,2022-05-07 22:09:46,-23.4923,-58.7972,71.37,49,4,3.65,clear sky
349,Kavaratti,IN,2022-05-07 22:07:22,10.5669,72.642,84.13,72,27,11.18,scattered clouds
350,Kuryk,KZ,2022-05-07 22:07:43,43.2,51.65,58.87,86,91,12.21,light rain
351,Sorland,NO,2022-05-07 22:09:47,67.667,12.6934,33.66,56,85,21.52,light snow
352,Hithadhoo,MV,2022-05-07 22:09:48,-0.6,73.0833,83.5,78,13,16.49,few clouds
353,Calbuco,CL,2022-05-07 22:09:48,-41.768,-73.1273,61.81,79,99,13.2,overcast clouds
354,Safaga,EG,2022-05-07 22:09:49,26.7292,33.9365,76.66,30,9,12.8,clear sky
355,Eyl,SO,2022-05-07 22:09:49,7.9803,49.8164,82.65,83,63,12.01,broken clouds
356,Gondanglegi,ID,2022-05-07 22:09:50,-7.7479,112.0132,75.27,91,47,4.29,scattered clouds
357,Buala,SB,2022-05-07 22:06:29,-8.145,159.5921,82.65,78,93,8.99,light rain
358,Kentau,KZ,2022-05-07 22:09:51,43.5206,68.5094,71.26,40,66,14.85,broken clouds
359,Cabo San Lucas,MX,2022-05-07 22:09:51,22.8909,-109.9124,89.91,22,0,10.36,clear sky
360,Port Macquarie,AU,2022-05-07 22:08:46,-31.4333,152.9167,51.89,60,89,6.44,overcast clouds
361,Ostrovnoy,RU,2022-05-07 22:06:14,68.0531,39.5131,36.61,98,100,13.53,light rain
362,Zyryanka,RU,2022-05-07 22:09:53,65.75,150.85,30.54,88,100,11.23,overcast clouds
363,Santa Rosa,PH,2022-05-07 22:09:53,14.3122,121.1114,83.08,78,77,9.57,broken clouds
364,Chicama,PE,2022-05-07 22:10:54,-7.8447,-79.1469,63.14,73,14,9.98,few clouds
365,Bubaque,GW,2022-05-07 22:10:54,11.2833,-15.8333,77.36,75,3,18.16,clear sky
366,Baft,IR,2022-05-07 22:10:55,29.234,56.6057,59.14,41,81,1.7,broken clouds
367,Muana,BR,2022-05-07 22:10:55,-1.5283,-49.2167,76.8,93,97,5.1,light rain
368,Staryy Nadym,RU,2022-05-07 22:10:56,65.6118,72.6842,13.17,92,19,8.57,few clouds
369,Hambantota,LK,2022-05-07 22:10:57,6.1241,81.1185,80.28,85,100,12.46,overcast clouds
370,Durazno,UY,2022-05-07 22:10:57,-33.4131,-56.5006,65.82,69,87,6.02,overcast clouds
371,Richards Bay,ZA,2022-05-07 22:10:58,-28.783,32.0377,68.95,88,38,4.12,scattered clouds
372,Oum Hadjer,TD,2022-05-07 22:10:59,13.2954,19.6966,92.07,17,31,4.25,scattered clouds
373,Srednekolymsk,RU,2022-05-07 22:08:05,67.45,153.6833,24.91,87,98,8.9,overcast clouds
374,Karabash,RU,2022-05-07 22:11:00,55.4808,60.2157,38.82,74,2,4.23,clear sky
375,Manavalakurichi,IN,2022-05-07 22:11:00,8.1333,77.3,81.09,88,78,11.12,broken clouds
376,Shache,CN,2022-05-07 22:11:01,38.4167,77.2406,67.71,35,6,4.41,clear sky
377,Hami,CN,2022-05-07 22:07:36,42.8,93.45,68.61,29,44,10.13,scattered clouds
378,Asyut,EG,2022-05-07 22:11:02,27.181,31.1837,75.42,16,55,7.58,broken clouds
379,Coihaique,CL,2022-05-07 22:11:02,-45.5752,-72.0662,56.01,94,75,5.75,light rain
380,Alekseyevsk,RU,2022-05-07 22:11:03,57.8406,108.3492,43.48,75,100,8.68,overcast clouds
381,Metu,ET,2022-05-07 22:11:03,8.3,35.5833,58.95,97,95,2.77,light rain
382,Cedar City,US,2022-05-07 22:11:04,37.6775,-113.0619,77.97,14,0,25.32,clear sky
383,Alcantara,BR,2022-05-07 22:11:04,-2.4089,-44.4147,79.0,89,99,6.31,overcast clouds
384,Usvyaty,RU,2022-05-07 22:11:05,55.7456,30.7533,46.35,98,62,5.59,broken clouds
385,Zhigansk,RU,2022-05-07 22:11:06,66.7697,123.3711,24.57,88,100,9.71,light snow
386,Guerrero Negro,MX,2022-05-07 22:11:06,27.9769,-114.0611,68.76,62,20,18.32,few clouds
387,Betioky,MG,2022-05-07 22:11:07,-23.7167,44.3833,68.95,79,46,0.72,scattered clouds
388,Tosya,TR,2022-05-07 22:11:08,41.0155,34.0401,43.68,88,99,2.01,overcast clouds
389,Khammam,IN,2022-05-07 22:09:14,17.25,80.15,86.74,51,81,8.75,broken clouds
390,Sfantu Gheorghe,RO,2022-05-07 22:11:08,45.8667,25.7833,50.94,73,40,3.53,scattered clouds
391,Urucurituba,BR,2022-05-07 22:11:09,-2.6833,-57.6667,76.55,96,90,2.13,overcast clouds
392,Wamba,NG,2022-05-07 22:09:29,8.9333,8.6,73.47,80,97,6.98,light rain
393,Seoul,KR,2022-05-07 22:11:10,37.5683,126.9778,60.24,48,100,3.96,overcast clouds
394,Antalaha,MG,2022-05-07 22:11:10,-14.9003,50.2788,73.24,92,36,4.72,light rain
395,San Quintin,MX,2022-05-07 22:11:11,30.4833,-115.95,65.43,71,7,14.36,clear sky
396,Jambi,ID,2022-05-07 22:11:12,-1.6,103.6167,74.61,98,100,4.07,moderate rain
397,Susanville,US,2022-05-07 22:11:12,40.4163,-120.653,60.64,29,0,23.02,clear sky
398,Tabas,IR,2022-05-07 22:11:13,33.5959,56.9244,76.19,36,100,2.08,overcast clouds
399,Iracoubo,GF,2022-05-07 22:11:14,5.4802,-53.2011,77.72,87,90,8.95,overcast clouds
400,Dorado,PR,2022-05-07 22:11:14,18.4588,-66.2677,83.34,80,75,18.41,haze
401,Puerto Quijarro,BO,2022-05-07 22:11:15,-17.7833,-57.7667,76.39,38,0,3.42,clear sky
402,Olinda,BR,2022-05-07 22:11:16,-8.0089,-34.8553,78.53,83,75,11.5,broken clouds
403,Saint-Augustin,CA,2022-05-07 22:11:16,51.226,-58.6502,40.03,49,100,11.95,overcast clouds
404,Sao Filipe,CV,2022-05-07 22:11:17,14.8961,-24.4956,74.3,77,39,15.66,scattered clouds
405,Shingu,JP,2022-05-07 22:11:17,33.7333,135.9833,63.82,71,11,5.46,few clouds
406,Miri,MY,2022-05-07 22:11:18,4.4148,114.0089,77.14,93,100,4.61,overcast clouds
407,Zelenoborskiy,RU,2022-05-07 22:11:19,66.845,32.3622,34.3,81,100,9.69,overcast clouds
408,Antropovo,RU,2022-05-07 22:11:19,58.3988,43.0066,45.09,76,25,8.16,scattered clouds
409,Alice Springs,AU,2022-05-07 22:11:20,-23.7,133.8833,36.95,75,0,5.75,clear sky
410,Evensk,RU,2022-05-07 22:11:20,61.95,159.2333,32.02,98,100,7.31,overcast clouds
411,Saint Anthony,US,2022-05-07 22:10:04,45.0205,-93.218,75.22,27,0,20.71,clear sky
412,El Cope,PA,2022-05-07 22:12:22,8.6167,-80.6,77.27,77,63,4.5,broken clouds
413,Karpathos,GR,2022-05-07 22:12:22,35.507,27.2132,62.56,72,18,11.5,few clouds
414,Sumbe,AO,2022-05-07 22:12:24,-11.2061,13.8437,76.15,86,79,1.3,broken clouds
415,Virginia Beach,US,2022-05-07 22:12:24,36.8529,-75.978,65.05,76,100,16.11,overcast clouds
416,Jaciara,BR,2022-05-07 22:12:07,-15.9653,-54.9683,70.12,48,0,4.09,clear sky
417,Marawi,PH,2022-05-07 22:12:25,7.9986,124.2928,70.59,90,95,1.66,overcast clouds
418,Petropavlovsk-Kamchatskiy,RU,2022-05-07 22:12:26,53.0452,158.6483,55.99,44,0,2.24,clear sky
419,Sangar,RU,2022-05-07 22:12:26,63.9242,127.4739,28.45,89,100,7.54,light snow
420,Swan River,CA,2022-05-07 22:12:27,52.1058,-101.2676,67.35,63,100,11.74,overcast clouds
421,Englewood,US,2022-05-07 22:07:29,39.6478,-104.9878,90.09,11,75,18.41,broken clouds
422,Nganjuk,ID,2022-05-07 22:12:28,-7.6051,111.9035,75.29,92,37,2.8,scattered clouds
423,Waiouru,NZ,2022-05-07 22:12:29,-39.4833,175.6667,55.44,54,82,3.56,broken clouds
424,Juneau,US,2022-05-07 22:12:29,58.3019,-134.4197,50.0,82,75,11.5,broken clouds
425,Gunnedah,AU,2022-05-07 22:12:30,-30.9833,150.25,49.01,60,0,3.87,clear sky
426,Port Hardy,CA,2022-05-07 22:12:30,50.6996,-127.4199,44.78,81,75,6.91,light intensity shower rain
427,Hamilton,US,2022-05-07 22:10:04,39.1834,-84.5333,62.24,72,100,12.66,overcast clouds
428,Caraballeda,VE,2022-05-07 22:12:31,10.6112,-66.8522,86.07,66,75,2.3,broken clouds
429,Tocopilla,CL,2022-05-07 22:12:32,-22.092,-70.1979,63.1,78,17,3.11,few clouds
430,Phalia,PK,2022-05-07 22:12:33,32.4297,73.5775,85.33,17,0,4.18,clear sky
431,Bandarbeyla,SO,2022-05-07 22:12:33,9.4942,50.8122,82.31,87,51,9.22,broken clouds
432,Saint Petersburg,RU,2022-05-07 22:12:34,59.8944,30.2642,53.74,66,40,8.95,light rain
433,Poum,NC,2022-05-07 22:12:34,-20.2333,164.0167,77.45,69,66,20.47,broken clouds
434,Yerbogachen,RU,2022-05-07 22:12:35,61.2767,108.0108,32.97,86,35,17.92,light snow
435,Bambous Virieux,MU,2022-05-07 22:12:36,-20.3428,57.7575,76.21,77,25,14.7,scattered clouds
436,Campoverde,PE,2022-05-07 22:12:36,-8.4753,-74.8058,85.69,58,49,1.39,scattered clouds
437,Mareeba,AU,2022-05-07 22:12:37,-17.0,145.4333,72.45,94,100,4.25,overcast clouds
438,Itarema,BR,2022-05-07 22:12:38,-2.9248,-39.9167,78.58,87,88,9.46,overcast clouds
439,La Ronge,CA,2022-05-07 22:10:09,55.1001,-105.2842,51.06,53,96,6.17,overcast clouds
440,Deputatskiy,RU,2022-05-07 22:12:38,69.3,139.9,9.79,84,47,3.91,scattered clouds
441,Amga,RU,2022-05-07 22:12:39,60.8953,131.9608,39.02,97,100,4.36,light rain
442,Nara,JP,2022-05-07 22:12:40,34.6851,135.8049,59.5,36,28,6.15,scattered clouds
443,Teruel,ES,2022-05-07 22:12:40,40.6667,-0.6667,46.45,77,0,3.65,clear sky
444,Kuusamo,FI,2022-05-07 22:12:41,65.9667,29.1833,37.44,56,0,13.8,clear sky
445,Qinhuangdao,CN,2022-05-07 22:12:41,39.9317,119.5883,46.35,80,100,3.53,moderate rain
446,Menongue,AO,2022-05-07 22:12:42,-14.6585,17.691,63.03,68,86,2.1,overcast clouds
447,Naron,ES,2022-05-07 22:12:43,43.5167,-8.1528,61.68,75,99,7.29,overcast clouds
448,Kalawit,PH,2022-05-07 22:12:43,8.0667,122.5167,79.92,89,100,8.39,overcast clouds
449,Martin,US,2022-05-07 22:13:04,27.0837,-80.4164,87.98,66,65,20.56,light rain
450,Parichha,IN,2022-05-07 22:13:05,25.5167,78.75,89.08,17,0,4.68,clear sky
451,Ust-Kuyga,RU,2022-05-07 22:13:06,70.0167,135.6,12.36,91,96,7.74,overcast clouds
452,Raudeberg,NO,2022-05-07 22:13:06,61.9875,5.1352,41.67,89,91,14.36,overcast clouds
453,Mecca,SA,2022-05-07 22:13:07,21.4267,39.8261,76.01,51,0,6.73,clear sky
454,Chapais,CA,2022-05-07 22:13:08,49.7834,-74.8492,47.64,40,11,3.29,few clouds
455,Suntar,RU,2022-05-07 22:13:08,62.1444,117.6319,39.56,91,100,10.49,moderate rain
456,Achkhoy-Martan,RU,2022-05-07 22:13:09,43.19,45.28,44.71,95,100,3.83,overcast clouds
457,Zatoka,UA,2022-05-07 22:15:41,46.0725,30.4654,52.68,60,50,4.52,scattered clouds
458,Tarancon,ES,2022-05-07 22:15:42,40.0085,-3.0073,56.1,51,6,5.68,clear sky
459,Dauriya,RU,2022-05-07 22:15:42,49.9333,116.8667,43.84,45,7,5.14,clear sky
460,Cururupu,BR,2022-05-07 22:15:43,-1.8283,-44.8683,75.67,93,96,2.93,overcast clouds
461,Datong,CN,2022-05-07 22:15:44,40.0936,113.2914,43.02,88,100,3.58,overcast clouds
462,Manyana,BW,2022-05-07 22:15:44,-23.4,21.7167,61.86,35,86,5.79,overcast clouds
463,Bani,DO,2022-05-07 22:14:57,18.2833,-70.3333,83.64,72,24,7.43,few clouds
464,Santiago De Cuba,CU,2022-05-07 22:15:45,20.0247,-75.8219,82.51,74,40,6.91,scattered clouds
465,Port Hawkesbury,CA,2022-05-07 22:15:46,45.6169,-61.3485,40.17,57,0,10.36,clear sky
466,Palmer,US,2022-05-07 22:12:57,42.1584,-72.3287,52.41,29,75,12.66,broken clouds
467,Churapcha,RU,2022-05-07 22:15:47,62.0025,132.4325,35.65,80,100,4.83,overcast clouds
468,Wukari,NG,2022-05-07 22:15:47,7.85,9.7833,82.47,70,95,5.59,overcast clouds
469,Luderitz,NA,2022-05-07 22:15:48,-26.6481,15.1594,55.63,75,0,17.6,clear sky
470,Babu,CN,2022-05-07 22:15:48,24.4167,111.5167,71.46,97,100,2.01,overcast clouds
471,Senanga,ZM,2022-05-07 22:15:49,-16.1167,23.2667,70.66,38,82,1.23,broken clouds
472,Yashalta,RU,2022-05-07 22:15:50,46.3395,42.2762,47.16,50,97,1.66,overcast clouds
473,Domanivka,UA,2022-05-07 22:15:50,47.6319,30.9885,48.6,56,84,4.07,broken clouds
474,Broome,US,2022-05-07 22:15:51,42.2506,-75.833,57.61,40,0,10.36,clear sky
475,Mataram,ID,2022-05-07 22:15:52,-8.5833,116.1167,77.81,87,18,4.68,few clouds
476,Charters Towers,AU,2022-05-07 22:15:52,-20.1,146.2667,69.42,88,100,12.8,light rain
477,Horsham,GB,2022-05-07 22:15:53,51.064,-0.3272,55.67,89,0,5.75,clear sky
478,State College,US,2022-05-07 22:15:24,40.7934,-77.86,49.51,88,100,5.99,light rain
479,Posta Calnau,RO,2022-05-07 22:15:54,45.2333,26.85,46.53,74,26,0.81,scattered clouds
480,Arman,RU,2022-05-07 22:15:54,59.7,150.1667,34.02,96,98,2.28,overcast clouds
481,Bathsheba,BB,2022-05-07 22:15:55,13.2167,-59.5167,81.21,78,20,11.5,few clouds
482,Simao,CN,2022-05-07 22:15:56,22.7886,100.9748,61.54,94,4,2.1,clear sky
483,Bronnoysund,NO,2022-05-07 22:15:39,65.4625,12.1997,35.6,87,100,7.0,light shower snow
484,Santa Isabel Do Rio Negro,BR,2022-05-07 22:15:56,-0.4139,-65.0192,75.78,93,91,1.54,overcast clouds
485,Pokhara,NP,2022-05-07 22:15:57,28.2333,83.9833,67.39,74,94,5.17,overcast clouds
486,Aksarka,RU,2022-05-07 22:15:58,66.5606,67.7975,25.27,99,75,7.83,broken clouds
487,Boa Esperanca,BR,2022-05-07 22:15:58,-21.09,-45.5658,69.53,68,44,3.76,scattered clouds
488,Daru,PG,2022-05-07 22:15:59,-9.0763,143.2092,81.18,89,91,11.63,overcast clouds
489,Bristol,US,2022-05-07 22:13:27,41.8334,-71.1662,49.03,62,0,14.0,clear sky
490,Ler,SS,2022-05-07 22:16:09,8.3018,30.1418,74.73,76,100,6.76,light rain
491,Anadyr,RU,2022-05-07 22:16:10,64.75,177.4833,36.1,69,20,11.18,few clouds
492,Tornio,FI,2022-05-07 22:16:11,65.8481,24.1466,33.82,79,27,6.31,scattered clouds
493,Sal Rei,CV,2022-05-07 22:16:12,16.1833,-22.9167,71.06,82,58,21.61,broken clouds
494,Salto,UY,2022-05-07 22:16:12,-31.3833,-57.9667,66.87,77,6,2.46,clear sky
495,Kiunga,PG,2022-05-07 22:16:13,-6.1219,141.2906,76.62,97,100,0.83,overcast clouds
496,Odweyne,SO,2022-05-07 22:16:13,9.4092,45.064,78.39,60,33,9.08,scattered clouds
497,Riverton,US,2022-05-07 22:14:06,40.5219,-111.9391,66.43,32,0,14.0,clear sky
498,Am Timan,TD,2022-05-07 22:16:14,11.0297,20.2827,89.33,33,100,5.68,overcast clouds
499,Gawler,AU,2022-05-07 22:16:15,-34.6,138.7333,54.21,97,48,1.45,scattered clouds
500,Otradnyy,RU,2022-05-07 22:16:15,53.376,51.3452,44.49,57,4,2.84,clear sky
501,Pasni,PK,2022-05-07 22:16:16,25.2631,63.471,80.33,81,0,10.83,clear sky
502,Vanavara,RU,2022-05-07 22:17:20,60.34,102.2797,29.97,71,89,14.7,overcast clouds
503,Garden City,US,2022-05-07 22:16:55,42.3256,-83.331,65.77,33,0,14.97,clear sky
504,Stykkisholmur,IS,2022-05-07 22:17:21,65.0757,-22.7297,42.44,82,100,7.83,overcast clouds
505,Batagay,RU,2022-05-07 22:13:48,67.6333,134.6333,20.37,75,81,4.07,broken clouds
506,Vostok,RU,2022-05-07 22:17:18,46.4856,135.8833,35.24,81,100,5.35,overcast clouds
507,Waingapu,ID,2022-05-07 22:17:22,-9.6567,120.2641,79.03,87,27,10.36,scattered clouds
508,Nouakchott,MR,2022-05-07 22:17:23,18.0858,-15.9785,67.93,70,1,15.39,clear sky
509,Orumiyeh,IR,2022-05-07 22:17:23,37.5527,45.0761,44.15,76,75,4.61,broken clouds
510,Okhotsk,RU,2022-05-07 22:17:24,59.3833,143.3,35.76,66,6,13.76,clear sky
511,Rongcheng,CN,2022-05-07 22:17:25,30.634,117.8517,64.15,95,100,3.18,overcast clouds
512,Iwanai,JP,2022-05-07 22:17:26,42.9744,140.5089,47.39,81,88,13.62,overcast clouds
513,Pampa,US,2022-05-07 22:17:27,35.5362,-100.9599,99.57,31,0,21.85,clear sky
514,Kijang,KR,2022-05-07 22:17:15,35.2442,129.2139,60.53,61,51,16.24,broken clouds
515,Tiarei,PF,2022-05-07 22:17:28,-17.5333,-149.3333,82.42,77,14,1.9,few clouds
516,Kahului,US,2022-05-07 22:17:28,20.8947,-156.47,82.42,65,20,23.02,few clouds
517,Bethel,US,2022-05-07 22:17:29,41.3712,-73.414,51.89,69,100,9.22,moderate rain
518,Saint-Pierre,RE,2022-05-07 22:17:30,-21.3393,55.4781,73.08,73,0,8.05,clear sky
519,Mianyang,CN,2022-05-07 22:17:30,31.4593,104.7542,68.77,87,75,6.49,broken clouds
520,Alma,CA,2022-05-07 22:17:31,48.5501,-71.6491,55.09,36,0,3.85,clear sky
521,Mezhdurechensk,RU,2022-05-07 22:17:32,53.6942,88.0603,35.01,67,95,6.02,overcast clouds
522,Bilma,NE,2022-05-07 22:17:32,18.6853,12.9164,94.1,13,100,6.73,overcast clouds
523,Mapiri,BO,2022-05-07 22:17:33,-15.25,-68.1667,69.76,81,53,1.1,broken clouds
524,Creel,MX,2022-05-07 22:17:34,27.75,-107.6333,76.01,15,0,18.66,clear sky
525,Acapulco,MX,2022-05-07 22:14:09,16.8634,-99.8901,84.02,70,100,9.22,overcast clouds
526,Kuching,MY,2022-05-07 22:17:34,1.55,110.3333,77.22,100,20,0.0,few clouds
527,Myitkyina,MM,2022-05-07 22:17:35,25.3833,97.4,70.27,86,27,2.3,scattered clouds
528,Catamarca,AR,2022-05-07 22:17:36,-28.4696,-65.7852,71.78,46,22,8.01,few clouds
529,Ebeltoft,DK,2022-05-07 22:17:36,56.1944,10.6821,42.82,87,8,9.22,clear sky
530,Broken Hill,AU,2022-05-07 22:17:37,-31.95,141.4333,49.08,81,0,6.89,clear sky
531,Deming,US,2022-05-07 22:17:38,32.2687,-107.7586,91.29,4,40,21.85,haze
532,Sandusky,US,2022-05-07 22:13:14,41.3501,-83.1332,60.76,51,1,5.99,clear sky
533,Darasun,RU,2022-05-07 22:17:38,51.6667,114.0,44.33,61,51,3.27,broken clouds
534,Lensk,RU,2022-05-07 22:17:39,60.7253,114.9278,43.57,92,100,13.87,moderate rain
535,La Sarre,CA,2022-05-07 22:15:00,48.8002,-79.1996,55.72,28,3,4.09,clear sky
536,Manaure,CO,2022-05-07 22:17:40,11.7751,-72.4445,84.61,63,100,15.86,overcast clouds
537,Gayeri,BF,2022-05-07 22:17:40,12.6497,0.4931,93.7,27,100,13.6,overcast clouds
538,Mnogovershinnyy,RU,2022-05-07 22:17:41,53.9353,139.9242,35.78,85,93,2.82,overcast clouds
539,Ugoofaaru,MV,2022-05-07 22:17:41,5.6667,73.0,84.94,70,93,13.78,overcast clouds
540,Mvangue,CM,2022-05-07 22:17:42,2.9667,11.5167,68.65,99,100,3.31,overcast clouds
541,Praia,CV,2022-05-07 22:17:42,14.9215,-23.5087,72.14,73,40,19.57,scattered clouds
542,Jiuquan,CN,2022-05-07 22:17:43,39.7432,98.5174,53.29,31,76,4.25,broken clouds
543,Viamao,BR,2022-05-07 22:17:44,-30.0811,-51.0233,63.39,92,0,4.61,clear sky
544,Meulaboh,ID,2022-05-07 22:17:44,4.1363,96.1285,76.32,90,100,4.38,light rain
545,Socorro,US,2022-05-07 22:17:45,31.6546,-106.3033,96.01,5,0,19.57,clear sky
546,Katobu,ID,2022-05-07 22:17:45,-4.9408,122.5276,76.35,91,100,5.73,overcast clouds
547,Hurghada,EG,2022-05-07 22:13:37,27.2574,33.8129,73.44,26,9,12.57,clear sky
548,Bongandanga,CD,2022-05-07 22:18:27,1.5,21.05,73.0,88,77,3.06,broken clouds
549,Kungurtug,RU,2022-05-07 22:18:28,50.5994,97.5228,45.19,49,95,1.74,overcast clouds
550,Verkhnevilyuysk,RU,2022-05-07 22:19:29,63.4453,120.3167,37.51,86,99,7.16,overcast clouds
551,Orlik,RU,2022-05-07 22:19:30,52.5178,99.825,40.77,65,28,2.06,scattered clouds
552,Haikou,CN,2022-05-07 22:16:49,20.0458,110.3417,73.53,100,100,4.47,mist
553,Gornyy,RU,2022-05-07 22:19:31,55.1153,83.9059,30.87,45,10,10.33,clear sky
554,Mahanoro,MG,2022-05-07 22:19:31,-19.9,48.8,72.5,93,10,4.47,clear sky
555,Morro Da Fumaca,BR,2022-05-07 22:19:32,-28.6508,-49.21,59.07,82,0,3.58,clear sky
556,Yulara,AU,2022-05-07 22:19:33,-25.2406,130.9889,44.44,57,0,8.05,clear sky
557,Westport,US,2022-05-07 22:19:34,41.1415,-73.3579,50.61,80,100,19.57,moderate rain
558,Naze,JP,2022-05-07 22:19:34,28.3667,129.4833,70.72,81,100,7.87,overcast clouds
559,Constitucion,CL,2022-05-07 22:19:35,-35.3333,-72.4167,55.17,77,3,11.03,clear sky
560,Tezu,IN,2022-05-07 22:19:36,27.9167,96.1667,70.32,82,39,4.29,scattered clouds
561,Mitsamiouli,KM,2022-05-07 22:19:36,-11.3847,43.2844,80.89,77,15,4.74,few clouds
562,Orlovskiy,RU,2022-05-07 22:19:37,46.8714,42.0592,45.7,47,100,7.9,overcast clouds
563,Snasa,NO,2022-05-07 22:19:37,64.2457,12.3778,34.52,98,100,9.64,snow
564,Ahuimanu,US,2022-05-07 22:19:38,21.4447,-157.8378,80.31,67,100,16.11,light rain
565,Warrington,GB,2022-05-07 22:19:26,53.3925,-2.5802,55.8,81,20,9.22,few clouds
566,Barkhan,PK,2022-05-07 22:19:39,29.8977,69.5256,77.13,15,0,4.09,clear sky
567,Bull Savanna,JM,2022-05-07 22:19:40,17.8868,-77.5902,80.28,71,22,12.33,few clouds
568,Hidalgotitlan,MX,2022-05-07 22:19:40,17.7833,-94.6333,87.82,21,86,7.02,overcast clouds
569,Erdenet,MN,2022-05-07 22:19:41,49.0333,104.0833,43.03,63,2,6.58,clear sky
570,Conakry,GN,2022-05-07 22:18:54,9.538,-13.6773,84.27,79,40,6.91,scattered clouds
571,Bangassou,CF,2022-05-07 22:19:42,4.7413,22.8184,69.48,99,100,2.64,light rain
572,Mahibadhoo,MV,2022-05-07 22:19:42,3.7833,72.9667,84.0,77,100,13.51,overcast clouds
573,Solnechnyy,RU,2022-05-07 22:19:43,50.7214,136.6319,37.74,72,100,9.66,overcast clouds
574,Ouadda,CF,2022-05-07 22:19:43,8.0777,22.4007,71.51,79,100,3.8,overcast clouds
575,Ulcinj,ME,2022-05-07 22:19:44,41.9294,19.2244,61.99,85,100,4.81,overcast clouds
576,Zhob,PK,2022-05-07 22:19:45,31.3411,69.4481,75.45,20,0,2.71,clear sky
577,San Roque,ES,2022-05-07 22:19:45,36.2107,-5.3842,63.43,88,75,8.05,broken clouds
578,Noyabrsk,RU,2022-05-07 22:19:46,63.1994,75.4507,11.59,94,50,7.7,scattered clouds
579,Auki,SB,2022-05-07 22:19:46,-8.7676,160.7034,81.64,79,99,5.35,overcast clouds
580,Riberalta,BO,2022-05-07 22:19:47,-10.9833,-66.1,84.4,65,6,0.0,clear sky
581,Lehola,EE,2022-05-07 22:19:48,59.2925,24.3279,42.94,87,0,9.22,clear sky
582,Presidente Medici,BR,2022-05-07 22:19:48,-11.1753,-61.9014,77.23,80,3,2.53,clear sky
583,New Richmond,US,2022-05-07 22:19:34,45.123,-92.5366,72.84,20,0,14.97,clear sky
584,Portales,US,2022-05-07 22:19:01,34.1862,-103.3344,100.33,5,77,15.1,broken clouds
585,Kerema,PG,2022-05-07 22:19:49,-7.9631,145.7785,80.04,85,100,3.47,overcast clouds
586,Aparecida,BR,2022-05-07 22:19:57,-22.8469,-45.2297,67.69,77,75,1.14,broken clouds
587,Eureka,US,2022-05-07 22:15:25,40.8021,-124.1637,57.74,82,38,12.41,scattered clouds
588,Bima,ID,2022-05-07 22:19:58,-8.4667,118.7167,77.58,94,47,3.98,scattered clouds
589,Kloulklubed,PW,2022-05-07 22:19:58,7.0419,134.2556,77.5,77,100,17.34,light rain
590,Nanning,CN,2022-05-07 22:19:59,22.8167,108.3167,68.45,94,100,9.06,overcast clouds
591,Hobyo,SO,2022-05-07 22:19:59,5.3505,48.5268,82.87,78,30,22.32,light rain
592,Mandali,IQ,2022-05-07 22:20:00,33.7499,45.5541,67.93,27,5,2.33,clear sky
593,Valdivia,CL,2022-05-07 22:20:01,-39.8142,-73.2459,57.29,91,11,2.46,few clouds
594,Catemaco,MX,2022-05-07 22:20:01,18.4167,-95.1167,97.0,31,71,7.0,broken clouds
595,Awbari,LY,2022-05-07 22:18:48,26.5921,12.7805,73.92,16,0,8.28,clear sky
596,Grand-Santi,GF,2022-05-07 22:21:03,4.25,-54.3833,74.53,98,96,2.86,overcast clouds
597,Nichinan,JP,2022-05-07 22:19:49,31.6,131.3667,65.88,85,90,5.1,overcast clouds
598,Mildura,AU,2022-05-07 22:21:04,-34.2,142.15,51.76,100,100,3.44,overcast clouds
599,Rawson,AR,2022-05-07 22:21:05,-43.3002,-65.1023,72.25,36,40,7.36,scattered clouds
600,Banda Aceh,ID,2022-05-07 22:21:05,5.5577,95.3222,79.65,80,100,7.07,light rain
601,Araouane,ML,2022-05-07 22:21:06,18.9048,-3.5265,89.11,12,0,12.66,clear sky
602,Ialibu,PG,2022-05-07 22:21:07,-6.2821,143.9935,62.76,88,90,1.48,overcast clouds
603,Torrijos,ES,2022-05-07 22:17:57,39.9819,-4.2835,61.54,44,9,4.45,clear sky
604,Hualmay,PE,2022-05-07 22:18:46,-11.0964,-77.6139,68.97,77,16,10.58,few clouds
605,Tecolutla,MX,2022-05-07 22:21:08,20.4833,-97.0167,96.66,64,9,14.41,clear sky
606,Huilong,CN,2022-05-07 22:21:09,31.8111,121.655,61.93,76,34,10.63,scattered clouds
607,Esna,EG,2022-05-07 22:21:10,25.2934,32.554,78.98,11,8,7.56,clear sky
608,Chiplun,IN,2022-05-07 22:21:10,17.5333,73.5167,75.97,87,6,2.39,clear sky
609,Woodward,US,2022-05-07 22:21:11,36.4337,-99.3904,90.63,47,0,21.85,clear sky
610,Bohuslav,UA,2022-05-07 22:21:12,49.5494,30.8744,51.28,63,88,8.23,overcast clouds
611,Eydhafushi,MV,2022-05-07 22:21:13,5.1033,73.0708,84.58,73,96,13.96,overcast clouds
612,Narok,KE,2022-05-07 22:21:13,-1.0783,35.8601,59.58,94,97,3.8,overcast clouds
613,Santa Maria,BR,2022-05-07 22:21:14,-29.6842,-53.8069,58.3,82,0,4.61,clear sky
614,Olafsvik,IS,2022-05-07 22:18:54,64.8945,-23.7142,43.54,87,100,14.85,overcast clouds
615,Rocha,UY,2022-05-07 22:21:15,-34.4833,-54.3333,58.95,87,85,2.62,overcast clouds
616,Opunake,NZ,2022-05-07 22:21:15,-39.4556,173.8583,60.85,77,48,12.19,light rain
617,Campbell River,CA,2022-05-07 22:21:16,50.0163,-125.2446,53.46,66,100,2.3,overcast clouds
618,Jumla,NP,2022-05-07 22:21:17,29.2747,82.1838,51.69,88,76,1.03,broken clouds
619,Xuchang,CN,2022-05-07 22:21:17,34.0167,113.8167,57.76,50,81,7.81,broken clouds
620,Mana,GF,2022-05-07 22:21:18,5.6592,-53.7767,77.56,89,76,7.67,broken clouds
621,Shahreza,IR,2022-05-07 22:21:19,32.0339,51.8794,57.6,53,53,5.06,broken clouds
622,Rochegda,RU,2022-05-07 22:21:19,62.8,43.25,48.54,79,41,10.2,scattered clouds
623,Letlhakane,BW,2022-05-07 22:21:20,-21.4167,25.5833,68.18,32,51,6.6,broken clouds
624,Pervomayskoye,RU,2022-05-07 22:21:20,43.919,46.7102,47.48,80,100,12.21,overcast clouds
625,Malakal,SS,2022-05-07 22:21:21,9.5334,31.6605,86.14,51,79,4.54,broken clouds
626,Jacareacanga,BR,2022-05-07 22:21:22,-6.2222,-57.7528,75.52,96,100,2.89,overcast clouds
627,Slave Lake,CA,2022-05-07 22:21:22,55.2834,-114.769,39.18,81,100,19.57,overcast clouds
628,Carutapera,BR,2022-05-07 22:21:23,-1.195,-46.02,76.23,92,99,4.05,overcast clouds
629,Kameoka,JP,2022-05-07 22:21:23,35.0,135.5833,58.69,78,11,1.01,few clouds
630,Bezhta,RU,2022-05-07 22:21:24,42.1338,46.1283,39.87,96,100,3.36,moderate rain
631,Bairiki,KI,2022-05-07 22:21:25,1.3292,172.9752,84.2,70,20,14.97,few clouds
632,Reguengos De Monsaraz,PT,2022-05-07 22:21:25,38.4253,-7.5349,66.22,36,90,4.74,overcast clouds
633,Ukiah,US,2022-05-07 22:21:26,39.1502,-123.2078,65.84,52,0,14.97,clear sky
634,Fukue,JP,2022-05-07 22:21:27,32.6881,128.8419,63.57,83,100,18.01,overcast clouds
635,Oranjemund,NA,2022-05-07 22:21:27,-28.55,16.4333,54.03,88,0,5.28,clear sky
636,Farmington,US,2022-05-07 22:21:28,36.7281,-108.2187,88.48,11,0,18.41,clear sky
637,Pilot Butte,CA,2022-05-07 22:21:29,50.4668,-104.4178,55.13,73,100,21.85,overcast clouds
638,Khani,GE,2022-05-07 22:21:29,41.9563,42.9566,44.17,99,100,2.98,overcast clouds
639,Madang,PG,2022-05-07 22:21:30,-5.2246,145.7966,80.96,86,61,4.5,broken clouds
640,Atlantic Beach,US,2022-05-07 22:16:37,30.3344,-81.3987,86.09,39,0,17.27,clear sky
641,Monzon,ES,2022-05-07 22:21:31,41.9108,0.1941,63.46,52,1,6.85,clear sky
642,Turukhansk,RU,2022-05-07 22:21:31,65.8167,87.9833,10.83,88,100,18.37,overcast clouds
643,Morondava,MG,2022-05-07 22:24:35,-20.2833,44.2833,74.77,85,0,8.08,clear sky
644,Ous,RU,2022-05-07 22:24:35,60.9058,61.5186,38.35,92,59,6.02,broken clouds
645,Booue,GA,2022-05-07 22:24:36,-0.0921,11.9385,73.38,98,100,1.57,overcast clouds
646,Nombre De Dios,MX,2022-05-07 22:24:37,23.85,-104.2333,92.75,8,1,21.47,clear sky
647,Ilula,TZ,2022-05-07 22:24:37,-7.6766,36.0366,58.57,95,23,4.83,few clouds
648,Acarau,BR,2022-05-07 22:24:38,-2.8856,-40.12,79.05,86,72,9.28,broken clouds
649,Witham,GB,2022-05-07 22:24:38,51.8001,0.6404,55.04,97,50,7.52,scattered clouds
650,Haileybury,CA,2022-05-07 22:24:39,47.449,-79.6373,59.58,31,70,6.15,broken clouds
651,Yarada,IN,2022-05-07 22:24:40,17.65,83.2667,82.56,79,92,3.36,overcast clouds
652,Bagli,IN,2022-05-07 22:24:40,22.65,76.35,86.34,21,5,3.74,clear sky
653,Valparaiso,CL,2022-05-07 22:24:41,-33.0393,-71.6273,55.63,88,100,6.91,mist
654,Berdigestyakh,RU,2022-05-07 22:24:41,62.0989,126.6992,37.42,92,100,5.84,overcast clouds
655,Ilinskiy,RU,2022-05-07 22:24:42,55.619,38.1182,53.98,46,0,7.0,clear sky
656,San Jose,US,2022-05-07 22:21:26,37.3394,-121.895,71.85,46,40,21.85,scattered clouds
657,Chimbote,PE,2022-05-07 22:24:43,-9.0853,-78.5783,67.87,81,18,10.4,few clouds
658,Bosaso,SO,2022-05-07 22:24:44,11.2842,49.1816,85.35,57,12,3.4,few clouds
659,Garowe,SO,2022-05-07 22:24:44,8.4054,48.4845,81.01,72,59,12.68,broken clouds
660,San Rafael,AR,2022-05-07 22:24:45,-34.6177,-68.3301,69.19,28,0,12.95,clear sky
661,Saint-Joseph,RE,2022-05-07 22:24:45,-21.3667,55.6167,71.98,79,28,9.93,scattered clouds
662,Poso,ID,2022-05-07 22:24:46,-1.3959,120.7524,78.64,88,98,3.83,overcast clouds
663,Laguna,US,2022-05-07 22:24:47,38.421,-121.4238,76.95,33,0,4.0,clear sky
664,Bose,IT,2022-05-07 22:24:47,45.4612,8.0137,57.29,95,98,1.45,light rain
665,Bucine,IT,2022-05-07 22:24:48,43.4764,11.6148,60.19,90,93,6.02,overcast clouds
666,Kangly,RU,2022-05-07 22:24:49,44.2544,43.0308,44.65,93,40,0.0,mist
667,Ucluelet,CA,2022-05-07 22:24:50,48.9329,-125.5528,53.1,71,98,4.0,overcast clouds
668,Sawakin,SD,2022-05-07 22:24:50,19.1059,37.3321,79.2,56,33,9.51,scattered clouds
669,Chany,RU,2022-05-07 22:24:51,55.3121,76.7647,32.9,52,1,7.02,clear sky
670,Praya,CV,2022-05-07 22:24:53,14.9215,-23.5087,72.14,73,40,19.57,scattered clouds
671,Spearfish,US,2022-05-07 22:24:53,44.4908,-103.8594,73.89,26,0,13.8,clear sky
672,Hoquiam,US,2022-05-07 22:24:54,46.9809,-123.8893,53.92,72,100,17.27,overcast clouds
673,Soe,ID,2022-05-07 22:24:55,-9.8607,124.284,66.83,93,60,5.59,broken clouds
674,Greytown,ZA,2022-05-07 22:24:55,-29.0642,30.5928,54.37,96,49,1.21,scattered clouds
675,Tambura,SS,2022-05-07 22:24:56,5.6,27.4667,70.65,89,88,1.95,light rain
676,Assare,BR,2022-05-07 22:24:57,-6.8744,-39.875,76.28,52,73,4.36,broken clouds
677,Labuan,MY,2022-05-07 22:24:57,5.2767,115.2417,79.16,100,20,1.14,few clouds
678,Urbano Santos,BR,2022-05-07 22:24:58,-3.2078,-43.4036,75.72,95,91,2.51,heavy intensity rain
679,Toul,FR,2022-05-07 22:24:58,48.6667,5.9167,61.09,71,0,6.91,clear sky
680,Hirara,JP,2022-05-07 22:24:59,24.8,125.2833,75.47,100,75,6.91,broken clouds
681,Camacha,PT,2022-05-07 22:24:59,33.0833,-16.3333,60.22,72,40,13.8,scattered clouds
682,Port Hedland,AU,2022-05-07 22:25:00,-20.3167,118.5667,69.85,43,31,9.22,scattered clouds
683,Vredendal,ZA,2022-05-07 22:25:01,-31.6683,18.5012,54.95,81,15,3.8,few clouds
684,Kiama,AU,2022-05-07 22:25:01,-34.6833,150.8667,58.37,63,0,5.01,clear sky
685,Esil,KZ,2022-05-07 22:25:02,51.9556,66.4042,41.63,38,2,7.94,clear sky
686,Jaisalmer,IN,2022-05-07 22:22:25,26.9147,70.9181,85.78,39,0,17.67,clear sky
687,Tokur,RU,2022-05-07 22:25:03,53.1333,132.9,30.18,80,14,2.08,few clouds
688,Talakan,RU,2022-05-07 22:25:04,50.3167,130.3667,41.18,62,6,6.35,clear sky
689,Ganzhou,CN,2022-05-07 22:25:04,28.8184,115.4327,67.87,96,100,2.42,overcast clouds
690,Bay Roberts,CA,2022-05-07 22:25:05,47.5999,-53.2648,42.06,56,98,5.01,overcast clouds
691,Picota,PE,2022-05-07 22:35:21,-6.9197,-76.3304,88.29,83,59,1.68,broken clouds
692,Beira,MZ,2022-05-07 22:35:21,-19.8436,34.8389,68.67,83,4,6.42,clear sky
693,Grand Forks,US,2022-05-07 22:35:22,47.9417,-97.4337,71.33,52,75,28.77,broken clouds
694,Manzanillo,CU,2022-05-07 22:35:22,20.3433,-77.1167,84.63,60,8,8.46,clear sky
695,Pisco,PE,2022-05-07 22:30:31,-13.7,-76.2167,69.85,73,0,10.36,clear sky
